user_id,event_date,session_count,feature_used
1,2025-03-26,1,payment
1,2025-01-01,3,loan_apply
1,2025-03-18,4,payment
1,2025-03-06,1,promo_click
1,2025-02-01,2,promo_click
2,2025-02-08,2,payment
2,2025-02-03,3,browse
2,2025-02-19,4,loan_apply
2,2025-02-23,4,loan_apply
2,2025-04-04,3,loan_apply
2,2025-01-17,5,loan_apply
2,2025-01-14,2,browse
2,2025-02-20,4,payment
2,2025-02-07,2,payment
2,2025-03-23,3,browse
2,2025-03-04,2,promo_click
2,2025-02-07,1,promo_click
3,2025-01-30,2,browse
3,2025-03-22,5,loan_apply
3,2025-01-04,2,promo_click
3,2025-01-17,2,loan_apply
3,2025-03-25,5,payment
3,2025-01-06,5,payment
3,2025-03-18,3,browse
3,2025-04-22,3,browse
3,2025-04-21,1,browse
3,2025-02-24,3,payment
3,2025-01-16,4,promo_click
3,2025-01-04,1,browse
3,2025-04-06,3,browse
3,2025-04-03,2,loan_apply
3,2025-02-20,3,loan_apply
3,2025-01-05,2,promo_click
4,2025-01-22,5,payment
4,2025-01-01,5,loan_apply
4,2025-01-12,2,payment
4,2025-02-03,1,payment
4,2025-03-31,5,browse
4,2025-03-14,2,loan_apply
4,2025-02-16,1,payment
4,2025-04-21,3,browse
4,2025-02-17,5,loan_apply
4,2025-01-26,4,loan_apply
4,2025-01-08,1,browse
4,2025-02-21,2,promo_click
4,2025-03-28,2,loan_apply
4,2025-01-26,3,promo_click
4,2025-04-25,3,browse
4,2025-01-23,3,browse
4,2025-04-19,2,payment
5,2025-04-25,1,browse
5,2025-04-11,4,payment
5,2025-02-08,1,loan_apply
5,2025-04-13,2,payment
5,2025-02-13,1,loan_apply
5,2025-01-13,4,loan_apply
5,2025-03-09,2,browse
6,2025-01-18,4,browse
6,2025-03-27,2,browse
6,2025-01-08,1,promo_click
6,2025-03-24,2,loan_apply
6,2025-04-11,4,payment
6,2025-03-05,2,browse
6,2025-02-25,3,loan_apply
6,2025-03-11,5,loan_apply
6,2025-02-02,5,payment
6,2025-01-21,4,payment
6,2025-03-16,1,browse
6,2025-01-03,3,browse
6,2025-02-09,5,promo_click
6,2025-01-24,2,promo_click
6,2025-04-02,3,promo_click
6,2025-03-20,1,payment
6,2025-04-30,3,payment
7,2025-03-20,3,promo_click
7,2025-01-26,3,loan_apply
7,2025-02-13,5,payment
7,2025-01-26,4,browse
7,2025-03-25,1,promo_click
7,2025-04-23,4,browse
8,2025-01-14,5,payment
8,2025-01-11,4,loan_apply
8,2025-04-17,3,loan_apply
8,2025-01-06,2,promo_click
8,2025-01-10,5,browse
8,2025-01-10,4,payment
8,2025-01-13,2,promo_click
8,2025-03-06,5,loan_apply
8,2025-01-17,1,browse
8,2025-01-15,3,payment
8,2025-04-05,1,loan_apply
8,2025-03-03,4,promo_click
8,2025-02-19,5,promo_click
8,2025-03-16,1,payment
9,2025-02-04,1,promo_click
9,2025-03-05,4,promo_click
9,2025-04-03,3,loan_apply
9,2025-04-11,4,payment
9,2025-02-04,5,loan_apply
9,2025-01-05,3,browse
9,2025-03-19,2,payment
10,2025-04-19,2,loan_apply
10,2025-01-18,3,loan_apply
10,2025-02-07,1,browse
10,2025-03-04,1,loan_apply
10,2025-01-17,1,browse
10,2025-04-29,2,payment
10,2025-02-22,3,browse
10,2025-02-20,3,browse
10,2025-02-20,2,promo_click
10,2025-04-26,5,loan_apply
10,2025-04-26,3,promo_click
10,2025-01-29,1,loan_apply
10,2025-04-11,3,browse
11,2025-03-09,2,payment
11,2025-01-05,3,payment
11,2025-04-07,5,browse
11,2025-02-16,4,loan_apply
11,2025-03-29,4,promo_click
11,2025-01-15,5,promo_click
11,2025-01-05,5,browse
11,2025-03-09,4,loan_apply
11,2025-01-02,3,browse
11,2025-04-25,3,promo_click
11,2025-02-05,2,browse
11,2025-01-27,5,promo_click
11,2025-01-11,2,promo_click
11,2025-02-07,2,payment
11,2025-04-17,4,payment
11,2025-01-13,2,loan_apply
11,2025-04-07,4,browse
11,2025-03-17,4,promo_click
12,2025-01-05,5,promo_click
12,2025-04-16,1,promo_click
12,2025-01-31,2,loan_apply
12,2025-04-28,3,loan_apply
12,2025-03-19,1,payment
12,2025-01-11,1,payment
12,2025-04-11,5,payment
12,2025-04-20,4,payment
13,2025-01-01,3,promo_click
13,2025-01-15,5,browse
13,2025-03-14,5,loan_apply
13,2025-03-15,4,loan_apply
13,2025-04-27,2,loan_apply
13,2025-02-04,4,loan_apply
13,2025-03-31,3,payment
13,2025-01-02,2,browse
13,2025-02-03,3,loan_apply
13,2025-02-12,3,promo_click
13,2025-02-20,1,browse
13,2025-02-21,5,promo_click
13,2025-02-02,1,loan_apply
14,2025-01-26,4,payment
14,2025-03-26,1,browse
14,2025-03-22,4,loan_apply
14,2025-02-18,4,payment
14,2025-03-27,4,browse
14,2025-03-02,1,browse
14,2025-01-01,5,payment
14,2025-03-28,3,browse
14,2025-02-25,3,payment
14,2025-02-01,5,loan_apply
15,2025-01-30,3,payment
15,2025-01-01,3,browse
15,2025-04-24,2,payment
15,2025-04-02,1,payment
15,2025-04-04,3,browse
15,2025-01-04,1,promo_click
15,2025-01-29,3,promo_click
15,2025-01-10,2,browse
15,2025-04-20,2,promo_click
15,2025-04-07,4,promo_click
15,2025-02-19,5,promo_click
15,2025-03-06,1,browse
15,2025-03-08,3,browse
15,2025-03-13,1,browse
15,2025-04-11,3,browse
15,2025-04-07,4,browse
15,2025-01-08,2,browse
16,2025-03-19,3,promo_click
16,2025-03-09,4,loan_apply
16,2025-02-23,5,payment
16,2025-04-05,2,browse
16,2025-03-15,1,browse
16,2025-03-26,3,promo_click
16,2025-01-19,4,loan_apply
16,2025-03-01,2,payment
16,2025-01-01,5,promo_click
16,2025-01-11,2,browse
16,2025-01-02,3,browse
16,2025-04-29,4,promo_click
17,2025-02-07,1,payment
17,2025-02-22,4,browse
17,2025-04-26,2,payment
17,2025-04-18,1,payment
17,2025-01-30,3,payment
17,2025-03-28,1,payment
17,2025-04-25,1,payment
17,2025-01-09,2,loan_apply
17,2025-01-25,1,payment
18,2025-04-20,4,payment
18,2025-02-27,5,loan_apply
18,2025-04-08,5,browse
18,2025-03-11,2,promo_click
18,2025-03-26,2,promo_click
18,2025-02-10,2,loan_apply
18,2025-02-06,1,payment
18,2025-03-17,5,payment
18,2025-03-27,5,browse
18,2025-02-26,3,promo_click
18,2025-04-08,4,loan_apply
18,2025-02-22,2,loan_apply
18,2025-01-17,2,loan_apply
18,2025-04-02,2,payment
18,2025-03-05,2,promo_click
19,2025-03-06,3,loan_apply
19,2025-02-05,3,payment
19,2025-01-29,5,browse
19,2025-02-09,3,promo_click
19,2025-02-05,1,browse
19,2025-02-08,3,payment
19,2025-04-08,5,promo_click
19,2025-02-02,2,promo_click
19,2025-04-21,4,browse
19,2025-04-09,4,browse
19,2025-03-22,3,loan_apply
19,2025-04-17,2,loan_apply
19,2025-01-26,2,loan_apply
19,2025-03-14,1,promo_click
19,2025-01-17,1,loan_apply
20,2025-02-11,1,browse
20,2025-02-04,3,payment
20,2025-04-11,4,promo_click
20,2025-02-20,2,promo_click
20,2025-01-19,5,promo_click
20,2025-02-28,3,loan_apply
20,2025-03-02,1,payment
20,2025-02-26,1,browse
20,2025-01-12,3,promo_click
20,2025-04-05,5,loan_apply
20,2025-03-28,5,payment
20,2025-03-21,1,payment
21,2025-01-15,3,payment
21,2025-04-15,5,payment
21,2025-02-16,2,promo_click
21,2025-03-12,1,browse
21,2025-01-26,5,payment
21,2025-01-07,5,browse
21,2025-01-09,3,promo_click
21,2025-03-13,2,browse
21,2025-03-28,5,payment
21,2025-04-05,4,browse
21,2025-04-09,2,browse
21,2025-04-16,1,payment
21,2025-01-31,3,promo_click
21,2025-03-01,5,payment
21,2025-01-03,5,browse
21,2025-02-09,2,browse
22,2025-02-08,1,promo_click
22,2025-04-03,1,loan_apply
22,2025-03-23,1,promo_click
22,2025-04-19,2,promo_click
22,2025-03-07,3,payment
22,2025-02-03,3,browse
22,2025-01-13,5,payment
22,2025-02-01,3,browse
22,2025-02-08,4,loan_apply
22,2025-03-03,1,loan_apply
22,2025-03-03,5,promo_click
22,2025-02-26,4,browse
22,2025-01-10,1,browse
22,2025-04-13,4,loan_apply
22,2025-03-06,1,browse
22,2025-02-14,2,promo_click
23,2025-02-06,1,promo_click
23,2025-03-06,5,payment
23,2025-03-20,1,browse
23,2025-02-18,1,promo_click
23,2025-03-09,4,browse
23,2025-02-06,5,loan_apply
23,2025-02-12,4,payment
23,2025-02-08,3,payment
23,2025-03-18,2,loan_apply
23,2025-03-12,4,promo_click
23,2025-02-28,4,loan_apply
23,2025-03-04,5,browse
23,2025-04-19,2,browse
23,2025-04-08,1,payment
23,2025-02-10,1,payment
23,2025-01-03,5,loan_apply
23,2025-02-23,1,loan_apply
23,2025-04-09,4,payment
24,2025-04-16,3,payment
24,2025-03-23,1,promo_click
24,2025-01-03,3,payment
24,2025-01-13,5,browse
24,2025-03-30,1,promo_click
24,2025-01-14,5,payment
24,2025-01-11,1,promo_click
24,2025-03-08,3,promo_click
24,2025-01-29,1,browse
24,2025-01-25,2,promo_click
24,2025-02-11,1,browse
24,2025-02-09,1,loan_apply
24,2025-01-11,3,payment
24,2025-03-29,4,browse
24,2025-02-07,3,loan_apply
24,2025-02-17,2,payment
24,2025-03-11,5,promo_click
25,2025-01-28,5,loan_apply
25,2025-03-22,2,promo_click
25,2025-02-14,5,browse
25,2025-02-27,3,promo_click
25,2025-02-09,2,promo_click
25,2025-04-01,5,loan_apply
25,2025-02-02,3,promo_click
25,2025-02-09,4,loan_apply
25,2025-02-28,3,promo_click
25,2025-02-10,5,browse
25,2025-02-14,1,loan_apply
25,2025-02-11,4,browse
25,2025-01-27,4,browse
25,2025-01-05,3,loan_apply
25,2025-02-27,1,browse
25,2025-01-31,2,payment
25,2025-02-01,3,loan_apply
26,2025-01-31,2,promo_click
26,2025-01-02,5,loan_apply
26,2025-01-12,2,promo_click
26,2025-01-13,3,loan_apply
26,2025-04-15,1,promo_click
26,2025-04-05,2,promo_click
26,2025-03-05,5,browse
26,2025-04-22,3,payment
26,2025-03-12,2,loan_apply
26,2025-04-06,2,browse
26,2025-01-28,4,browse
27,2025-04-03,4,promo_click
27,2025-04-06,4,payment
27,2025-03-09,3,promo_click
27,2025-01-17,4,payment
27,2025-01-17,2,payment
27,2025-03-06,2,promo_click
27,2025-03-23,2,payment
27,2025-03-05,5,promo_click
27,2025-02-05,3,browse
28,2025-03-17,5,browse
28,2025-02-02,3,browse
28,2025-02-27,2,payment
28,2025-02-15,2,loan_apply
28,2025-01-04,1,browse
28,2025-01-13,1,browse
28,2025-01-15,5,loan_apply
28,2025-03-16,4,promo_click
28,2025-01-02,4,payment
28,2025-03-16,3,browse
28,2025-03-22,4,promo_click
28,2025-04-02,5,loan_apply
28,2025-02-16,5,browse
28,2025-03-25,3,loan_apply
28,2025-03-10,3,browse
28,2025-01-01,2,promo_click
28,2025-02-07,2,loan_apply
29,2025-01-25,4,payment
29,2025-01-15,4,promo_click
29,2025-01-27,4,payment
29,2025-03-30,1,loan_apply
29,2025-02-22,3,payment
30,2025-03-12,3,loan_apply
30,2025-03-05,4,loan_apply
30,2025-01-24,4,payment
30,2025-01-03,4,payment
30,2025-01-15,1,payment
30,2025-03-19,1,payment
30,2025-04-18,4,promo_click
30,2025-01-09,1,promo_click
31,2025-04-27,5,payment
31,2025-03-29,3,promo_click
31,2025-03-18,1,promo_click
31,2025-01-21,2,payment
31,2025-03-05,2,payment
31,2025-04-21,3,loan_apply
31,2025-03-30,1,promo_click
31,2025-04-12,1,promo_click
31,2025-01-11,3,promo_click
31,2025-02-10,1,promo_click
32,2025-02-01,4,promo_click
32,2025-02-02,2,promo_click
32,2025-02-01,2,promo_click
32,2025-04-07,2,loan_apply
32,2025-02-02,1,loan_apply
32,2025-01-30,1,loan_apply
32,2025-04-26,2,payment
32,2025-04-13,2,payment
32,2025-04-13,2,payment
32,2025-04-24,2,payment
32,2025-04-29,4,loan_apply
32,2025-04-14,3,loan_apply
32,2025-03-08,3,payment
32,2025-01-09,1,browse
32,2025-04-05,1,payment
32,2025-03-17,2,promo_click
32,2025-03-03,4,payment
32,2025-04-21,3,browse
33,2025-03-25,4,payment
33,2025-02-27,2,browse
33,2025-01-03,1,promo_click
33,2025-04-16,3,payment
33,2025-04-28,4,browse
33,2025-01-12,5,loan_apply
33,2025-02-14,3,payment
33,2025-01-19,4,loan_apply
33,2025-01-08,5,browse
33,2025-02-22,3,promo_click
33,2025-03-23,2,browse
33,2025-01-22,5,promo_click
33,2025-02-25,1,browse
33,2025-01-03,4,payment
33,2025-04-25,3,loan_apply
34,2025-03-04,1,browse
34,2025-03-17,1,payment
34,2025-03-26,2,loan_apply
34,2025-01-24,4,loan_apply
34,2025-01-04,4,promo_click
34,2025-01-20,4,promo_click
34,2025-02-19,1,browse
34,2025-04-06,1,promo_click
34,2025-04-27,2,promo_click
34,2025-04-10,2,browse
35,2025-01-06,2,browse
35,2025-04-25,2,payment
35,2025-01-12,3,loan_apply
35,2025-01-18,5,browse
35,2025-04-07,3,payment
35,2025-01-08,4,promo_click
35,2025-04-04,2,promo_click
35,2025-01-14,2,browse
36,2025-02-07,5,loan_apply
36,2025-03-03,4,loan_apply
36,2025-04-21,1,promo_click
36,2025-01-02,1,browse
36,2025-03-30,1,promo_click
36,2025-03-07,3,loan_apply
36,2025-01-05,1,promo_click
36,2025-03-17,4,loan_apply
36,2025-01-23,3,payment
37,2025-01-14,2,loan_apply
37,2025-01-10,4,payment
37,2025-04-15,1,loan_apply
37,2025-01-20,3,promo_click
37,2025-01-01,1,promo_click
37,2025-04-28,4,promo_click
37,2025-04-17,5,browse
37,2025-04-11,4,loan_apply
37,2025-02-18,1,promo_click
37,2025-02-13,4,browse
38,2025-04-18,3,loan_apply
38,2025-01-20,2,payment
38,2025-01-02,1,browse
38,2025-02-06,4,payment
38,2025-01-29,1,browse
38,2025-02-04,5,loan_apply
38,2025-02-28,5,loan_apply
38,2025-04-23,3,payment
38,2025-01-12,2,promo_click
38,2025-02-22,2,promo_click
39,2025-04-08,1,payment
39,2025-01-29,1,browse
39,2025-04-05,3,payment
39,2025-01-23,4,payment
39,2025-03-25,5,promo_click
39,2025-03-21,2,payment
39,2025-04-29,2,loan_apply
39,2025-01-01,5,promo_click
39,2025-04-12,5,browse
39,2025-03-27,2,loan_apply
39,2025-02-24,2,browse
39,2025-03-15,2,payment
39,2025-01-17,2,promo_click
39,2025-02-16,1,promo_click
39,2025-04-01,1,payment
40,2025-01-01,3,browse
40,2025-03-21,5,promo_click
40,2025-03-10,1,payment
40,2025-03-03,4,payment
40,2025-04-24,1,loan_apply
41,2025-02-17,5,loan_apply
41,2025-04-27,5,browse
41,2025-04-15,3,promo_click
41,2025-04-08,5,payment
41,2025-04-20,4,payment
41,2025-01-19,2,payment
41,2025-01-13,1,browse
41,2025-03-24,5,browse
41,2025-01-01,1,loan_apply
41,2025-01-15,1,promo_click
41,2025-03-12,5,browse
41,2025-03-01,5,loan_apply
41,2025-02-02,1,promo_click
42,2025-02-13,2,browse
42,2025-04-09,2,payment
42,2025-02-15,1,browse
42,2025-03-26,2,promo_click
42,2025-02-17,2,payment
42,2025-01-28,5,loan_apply
42,2025-01-26,1,promo_click
43,2025-02-17,5,browse
43,2025-02-13,4,browse
43,2025-02-12,2,promo_click
43,2025-02-12,5,loan_apply
43,2025-01-23,3,browse
43,2025-03-21,5,promo_click
44,2025-02-05,3,browse
44,2025-01-15,4,loan_apply
44,2025-01-13,3,payment
44,2025-03-19,5,promo_click
44,2025-04-22,5,promo_click
44,2025-04-20,3,loan_apply
44,2025-04-21,4,browse
44,2025-01-08,2,promo_click
44,2025-01-30,2,payment
44,2025-02-18,5,promo_click
44,2025-03-31,1,payment
44,2025-03-16,4,payment
44,2025-02-08,5,browse
45,2025-02-25,1,payment
45,2025-03-02,2,promo_click
45,2025-02-05,4,promo_click
45,2025-04-28,1,promo_click
45,2025-04-30,5,payment
45,2025-02-16,3,loan_apply
45,2025-04-29,5,payment
45,2025-04-02,1,payment
45,2025-01-09,2,promo_click
45,2025-02-11,1,payment
45,2025-04-01,5,promo_click
45,2025-02-19,3,promo_click
45,2025-03-01,2,loan_apply
45,2025-01-18,3,promo_click
45,2025-03-15,1,browse
45,2025-04-24,5,browse
45,2025-02-18,3,promo_click
45,2025-04-08,1,browse
45,2025-01-21,1,payment
46,2025-01-15,3,promo_click
46,2025-03-12,3,payment
46,2025-03-14,5,loan_apply
46,2025-02-26,1,payment
46,2025-03-05,3,browse
46,2025-03-26,2,browse
46,2025-02-11,5,browse
46,2025-02-10,1,browse
46,2025-04-13,4,payment
47,2025-03-31,2,promo_click
47,2025-02-08,5,payment
47,2025-02-05,5,loan_apply
47,2025-02-05,3,loan_apply
47,2025-01-08,1,browse
47,2025-03-11,1,browse
47,2025-03-09,5,loan_apply
47,2025-03-01,2,promo_click
48,2025-01-27,5,promo_click
48,2025-04-12,2,browse
48,2025-04-28,4,loan_apply
48,2025-02-27,3,payment
48,2025-03-11,2,browse
48,2025-02-13,2,payment
48,2025-03-22,3,payment
48,2025-03-28,4,promo_click
48,2025-01-22,4,payment
48,2025-02-05,5,loan_apply
48,2025-04-03,1,browse
48,2025-03-21,2,payment
48,2025-01-30,1,browse
48,2025-01-16,4,loan_apply
48,2025-01-16,4,promo_click
48,2025-03-25,3,promo_click
49,2025-01-23,4,browse
49,2025-04-14,5,promo_click
49,2025-04-14,4,loan_apply
49,2025-01-30,5,promo_click
49,2025-03-11,2,promo_click
49,2025-04-13,1,loan_apply
49,2025-01-16,4,payment
49,2025-04-26,2,loan_apply
49,2025-01-14,4,loan_apply
49,2025-01-23,2,loan_apply
49,2025-03-07,1,loan_apply
49,2025-01-02,3,loan_apply
49,2025-03-14,1,browse
49,2025-03-08,4,payment
49,2025-01-23,2,promo_click
49,2025-03-23,3,payment
49,2025-02-12,4,loan_apply
50,2025-01-12,1,payment
50,2025-02-07,2,loan_apply
50,2025-02-04,2,payment
50,2025-03-19,3,promo_click
50,2025-01-07,4,payment
50,2025-03-14,5,browse
50,2025-03-07,3,payment
50,2025-02-04,2,payment
50,2025-01-20,2,promo_click
50,2025-01-10,1,payment
50,2025-01-25,5,payment
50,2025-02-02,4,browse
50,2025-01-14,1,payment
50,2025-03-21,5,promo_click
51,2025-02-10,1,loan_apply
51,2025-04-27,2,promo_click
51,2025-01-21,2,promo_click
51,2025-01-25,4,loan_apply
51,2025-03-01,4,promo_click
51,2025-04-06,4,loan_apply
51,2025-01-31,4,payment
52,2025-03-04,5,browse
52,2025-01-02,4,browse
52,2025-03-24,3,loan_apply
52,2025-03-24,2,payment
52,2025-03-30,2,payment
52,2025-01-11,2,loan_apply
52,2025-01-31,1,browse
52,2025-03-24,1,browse
52,2025-01-21,1,promo_click
52,2025-03-03,3,browse
52,2025-03-21,4,loan_apply
52,2025-01-04,4,browse
52,2025-02-09,1,loan_apply
52,2025-04-13,4,promo_click
52,2025-04-03,4,promo_click
52,2025-02-07,2,browse
53,2025-03-04,5,browse
53,2025-01-07,3,promo_click
53,2025-03-27,5,loan_apply
53,2025-03-27,5,payment
53,2025-02-24,2,payment
53,2025-04-01,5,payment
53,2025-04-12,5,payment
53,2025-03-28,2,promo_click
54,2025-03-06,5,loan_apply
54,2025-03-31,2,loan_apply
54,2025-03-26,5,payment
54,2025-04-11,5,promo_click
54,2025-02-05,1,browse
54,2025-04-23,4,browse
54,2025-03-04,5,promo_click
54,2025-02-24,5,payment
54,2025-03-09,2,promo_click
55,2025-03-23,3,loan_apply
55,2025-04-03,4,loan_apply
55,2025-02-07,2,loan_apply
55,2025-02-11,5,loan_apply
55,2025-04-15,1,promo_click
55,2025-01-09,1,loan_apply
55,2025-01-02,4,promo_click
55,2025-01-29,1,payment
55,2025-04-24,2,promo_click
55,2025-03-01,5,promo_click
55,2025-03-16,2,promo_click
55,2025-02-28,1,browse
55,2025-01-17,4,browse
55,2025-03-29,5,browse
55,2025-03-10,4,loan_apply
55,2025-03-28,5,promo_click
56,2025-03-28,3,loan_apply
56,2025-04-19,3,promo_click
56,2025-04-09,1,loan_apply
56,2025-01-20,5,promo_click
56,2025-02-27,4,browse
56,2025-02-21,3,browse
56,2025-04-25,4,browse
56,2025-04-17,2,loan_apply
56,2025-01-05,2,payment
56,2025-04-21,4,loan_apply
56,2025-04-05,1,loan_apply
56,2025-03-07,2,browse
57,2025-03-09,1,loan_apply
57,2025-03-30,2,browse
57,2025-03-03,2,payment
57,2025-01-21,4,promo_click
57,2025-04-01,2,payment
57,2025-01-13,5,promo_click
57,2025-04-05,4,payment
57,2025-01-11,2,browse
58,2025-01-18,1,loan_apply
58,2025-04-14,3,payment
58,2025-03-30,2,payment
58,2025-04-26,4,loan_apply
58,2025-02-13,3,payment
58,2025-04-23,5,browse
58,2025-02-01,1,promo_click
58,2025-04-15,2,loan_apply
58,2025-01-13,5,payment
58,2025-01-08,4,promo_click
58,2025-03-16,3,loan_apply
58,2025-01-22,4,loan_apply
59,2025-01-02,5,loan_apply
59,2025-03-20,4,browse
59,2025-02-19,3,browse
59,2025-03-29,4,loan_apply
59,2025-01-22,3,loan_apply
59,2025-03-02,1,promo_click
60,2025-04-28,3,browse
60,2025-01-29,4,browse
60,2025-01-25,5,browse
60,2025-01-08,2,payment
60,2025-01-16,1,promo_click
60,2025-01-05,3,loan_apply
60,2025-01-04,3,promo_click
60,2025-03-05,2,payment
60,2025-04-17,1,payment
60,2025-01-21,3,browse
60,2025-03-07,1,promo_click
60,2025-01-13,1,promo_click
60,2025-02-05,2,payment
60,2025-02-27,4,loan_apply
60,2025-03-19,1,payment
60,2025-02-22,1,promo_click
60,2025-03-16,3,browse
60,2025-04-29,3,loan_apply
60,2025-02-27,4,browse
61,2025-01-10,3,payment
61,2025-02-06,5,payment
61,2025-04-14,5,payment
61,2025-02-07,4,promo_click
61,2025-02-26,5,promo_click
61,2025-01-17,4,loan_apply
61,2025-01-14,3,promo_click
61,2025-04-11,2,browse
62,2025-04-30,2,payment
62,2025-03-23,3,browse
62,2025-03-01,4,browse
62,2025-02-18,3,payment
62,2025-01-24,5,promo_click
62,2025-01-30,2,payment
62,2025-04-27,4,promo_click
62,2025-01-19,5,promo_click
63,2025-04-23,1,payment
63,2025-03-04,4,loan_apply
63,2025-04-02,3,browse
63,2025-03-16,1,promo_click
63,2025-04-28,5,loan_apply
63,2025-01-17,4,promo_click
63,2025-04-22,3,browse
63,2025-03-11,4,browse
63,2025-04-13,1,payment
63,2025-01-16,5,loan_apply
63,2025-04-26,5,payment
64,2025-03-18,3,loan_apply
64,2025-04-04,5,payment
64,2025-03-22,3,loan_apply
64,2025-02-20,5,browse
64,2025-02-11,3,payment
64,2025-01-26,3,loan_apply
64,2025-04-03,5,promo_click
65,2025-03-15,5,promo_click
65,2025-03-11,2,promo_click
65,2025-04-13,2,browse
65,2025-01-01,1,promo_click
65,2025-03-11,1,payment
65,2025-02-15,4,promo_click
65,2025-03-01,1,browse
65,2025-03-25,1,promo_click
65,2025-03-26,4,payment
66,2025-04-02,3,browse
66,2025-04-02,2,promo_click
66,2025-01-16,2,loan_apply
66,2025-03-18,4,loan_apply
66,2025-02-14,4,promo_click
66,2025-04-17,4,payment
66,2025-04-17,1,loan_apply
66,2025-03-09,2,loan_apply
66,2025-04-01,2,promo_click
66,2025-04-30,3,promo_click
67,2025-02-17,5,payment
67,2025-01-26,4,promo_click
67,2025-01-14,1,loan_apply
67,2025-02-27,5,payment
67,2025-03-10,3,browse
67,2025-03-31,5,promo_click
67,2025-02-18,3,browse
67,2025-03-30,5,promo_click
67,2025-01-12,1,loan_apply
67,2025-02-10,1,payment
67,2025-04-27,4,browse
67,2025-04-16,1,browse
67,2025-03-27,1,loan_apply
67,2025-01-24,5,loan_apply
67,2025-04-08,4,payment
67,2025-02-12,1,browse
67,2025-03-27,1,loan_apply
67,2025-04-08,2,loan_apply
67,2025-03-15,5,loan_apply
68,2025-04-22,1,payment
68,2025-03-15,2,promo_click
68,2025-04-22,3,loan_apply
68,2025-02-08,4,promo_click
68,2025-04-21,4,browse
68,2025-01-10,3,promo_click
68,2025-04-25,1,promo_click
68,2025-02-01,5,promo_click
68,2025-01-26,4,payment
68,2025-04-26,5,browse
69,2025-04-02,3,loan_apply
69,2025-04-15,2,promo_click
69,2025-01-26,1,browse
69,2025-03-07,1,promo_click
69,2025-01-03,4,loan_apply
69,2025-02-11,4,browse
69,2025-01-06,4,browse
69,2025-03-30,3,payment
70,2025-03-10,3,browse
70,2025-04-30,4,payment
70,2025-01-08,4,promo_click
70,2025-02-10,4,loan_apply
70,2025-03-26,1,browse
70,2025-01-15,2,payment
70,2025-03-01,4,payment
71,2025-01-07,3,loan_apply
71,2025-01-03,3,payment
71,2025-04-17,1,promo_click
71,2025-01-01,5,promo_click
71,2025-02-17,3,loan_apply
71,2025-01-04,3,promo_click
72,2025-01-11,1,browse
72,2025-04-19,5,loan_apply
72,2025-01-30,5,payment
72,2025-01-04,4,payment
72,2025-04-05,3,browse
72,2025-01-27,5,loan_apply
72,2025-01-03,1,promo_click
72,2025-01-25,4,payment
72,2025-01-26,5,browse
72,2025-03-02,4,loan_apply
72,2025-01-09,4,payment
72,2025-02-19,3,promo_click
72,2025-02-13,1,browse
72,2025-03-07,4,promo_click
72,2025-03-14,5,promo_click
72,2025-04-08,3,promo_click
73,2025-03-31,5,promo_click
73,2025-04-30,2,payment
73,2025-02-02,5,browse
73,2025-02-21,2,loan_apply
73,2025-02-20,2,payment
73,2025-03-16,1,browse
73,2025-02-17,1,loan_apply
73,2025-04-18,3,payment
73,2025-01-15,3,browse
73,2025-02-02,4,loan_apply
73,2025-01-16,2,payment
73,2025-04-09,4,browse
73,2025-02-08,1,promo_click
73,2025-01-01,3,promo_click
73,2025-02-27,1,browse
73,2025-02-07,5,browse
73,2025-02-26,5,loan_apply
73,2025-02-15,4,payment
74,2025-01-17,1,browse
74,2025-03-18,2,browse
74,2025-04-07,3,browse
74,2025-01-23,3,browse
74,2025-04-08,4,loan_apply
74,2025-03-13,3,browse
74,2025-01-30,3,promo_click
74,2025-04-23,1,promo_click
74,2025-03-29,2,payment
74,2025-03-28,1,browse
74,2025-04-20,3,browse
74,2025-02-11,3,loan_apply
74,2025-01-28,4,loan_apply
74,2025-03-12,1,browse
74,2025-04-29,1,promo_click
74,2025-01-19,4,payment
75,2025-02-22,5,promo_click
75,2025-02-09,1,payment
75,2025-01-09,1,promo_click
75,2025-02-21,1,payment
75,2025-03-16,5,browse
75,2025-04-15,3,payment
75,2025-04-04,1,promo_click
75,2025-03-09,4,promo_click
75,2025-01-02,1,loan_apply
75,2025-04-20,1,promo_click
76,2025-03-03,1,promo_click
76,2025-01-30,4,browse
76,2025-01-11,2,loan_apply
76,2025-01-21,5,promo_click
76,2025-01-20,5,browse
76,2025-02-13,1,loan_apply
76,2025-03-14,5,loan_apply
76,2025-03-09,3,loan_apply
76,2025-04-08,1,promo_click
76,2025-02-14,4,payment
76,2025-03-17,1,browse
76,2025-01-26,4,loan_apply
76,2025-01-22,5,browse
76,2025-02-07,4,loan_apply
76,2025-01-29,3,promo_click
76,2025-02-24,4,promo_click
76,2025-01-04,4,loan_apply
77,2025-04-18,2,promo_click
77,2025-02-03,3,browse
77,2025-04-15,1,promo_click
77,2025-03-28,1,payment
77,2025-01-17,5,promo_click
77,2025-01-06,2,browse
77,2025-01-08,3,promo_click
77,2025-04-16,1,loan_apply
77,2025-04-03,5,loan_apply
77,2025-04-09,3,promo_click
78,2025-02-25,1,loan_apply
78,2025-03-02,1,payment
78,2025-04-23,3,promo_click
78,2025-04-07,2,browse
78,2025-03-26,5,loan_apply
78,2025-03-05,2,browse
78,2025-02-23,1,loan_apply
78,2025-03-29,5,loan_apply
79,2025-03-29,5,browse
79,2025-02-28,1,browse
79,2025-01-13,3,payment
79,2025-01-19,3,loan_apply
79,2025-02-15,5,loan_apply
80,2025-01-19,4,promo_click
80,2025-03-13,5,loan_apply
80,2025-04-19,4,loan_apply
80,2025-04-22,1,loan_apply
80,2025-03-31,4,payment
80,2025-03-10,1,browse
80,2025-02-15,5,browse
80,2025-03-28,1,browse
80,2025-03-25,2,payment
80,2025-03-07,4,payment
80,2025-02-02,4,payment
80,2025-04-11,3,browse
80,2025-01-28,4,loan_apply
80,2025-04-07,4,payment
80,2025-04-25,1,browse
80,2025-01-02,5,loan_apply
81,2025-02-20,3,loan_apply
81,2025-01-10,2,browse
81,2025-04-28,1,loan_apply
81,2025-02-08,4,browse
81,2025-03-25,3,loan_apply
81,2025-01-02,5,payment
82,2025-02-09,2,loan_apply
82,2025-02-10,4,browse
82,2025-04-17,1,browse
82,2025-02-14,2,loan_apply
82,2025-03-26,1,browse
82,2025-04-05,1,browse
82,2025-01-24,1,payment
82,2025-01-28,5,payment
82,2025-04-17,2,promo_click
82,2025-04-09,5,browse
82,2025-03-14,5,payment
82,2025-01-30,4,promo_click
82,2025-04-08,3,browse
82,2025-01-28,4,browse
82,2025-02-10,3,promo_click
82,2025-02-01,2,browse
82,2025-02-26,4,promo_click
82,2025-02-02,2,promo_click
83,2025-01-07,4,loan_apply
83,2025-02-25,1,loan_apply
83,2025-02-16,4,browse
83,2025-01-29,2,promo_click
83,2025-01-18,4,browse
83,2025-02-12,3,payment
83,2025-01-11,1,loan_apply
83,2025-02-07,5,promo_click
83,2025-02-03,4,promo_click
84,2025-03-06,4,loan_apply
84,2025-04-19,2,loan_apply
84,2025-01-30,3,browse
84,2025-03-16,5,promo_click
84,2025-01-26,3,payment
84,2025-04-28,3,promo_click
84,2025-04-01,2,browse
84,2025-02-19,3,loan_apply
84,2025-01-15,5,payment
84,2025-02-11,5,payment
85,2025-04-11,3,browse
85,2025-01-06,4,payment
85,2025-03-14,1,loan_apply
85,2025-03-18,3,browse
85,2025-04-26,1,loan_apply
85,2025-04-06,4,loan_apply
85,2025-02-06,1,loan_apply
85,2025-01-13,2,loan_apply
85,2025-03-27,5,browse
85,2025-03-28,3,browse
85,2025-02-11,2,promo_click
85,2025-04-19,3,payment
85,2025-04-23,5,payment
85,2025-04-18,5,promo_click
86,2025-03-09,3,loan_apply
86,2025-04-02,5,browse
86,2025-01-13,2,browse
86,2025-04-10,3,loan_apply
86,2025-01-17,3,promo_click
86,2025-03-23,1,promo_click
86,2025-01-19,5,browse
86,2025-03-26,4,loan_apply
86,2025-01-17,5,promo_click
86,2025-04-28,3,browse
86,2025-03-05,3,loan_apply
87,2025-02-23,5,browse
87,2025-01-12,5,payment
87,2025-01-11,4,loan_apply
87,2025-03-22,4,loan_apply
87,2025-02-15,2,promo_click
87,2025-03-11,1,browse
87,2025-01-19,2,promo_click
87,2025-04-18,4,promo_click
87,2025-04-06,2,promo_click
87,2025-04-12,3,loan_apply
87,2025-03-03,3,browse
87,2025-03-05,1,browse
87,2025-04-24,1,browse
87,2025-02-22,3,payment
87,2025-04-02,3,browse
88,2025-01-07,5,browse
88,2025-02-17,1,promo_click
88,2025-04-26,5,loan_apply
88,2025-03-22,1,loan_apply
88,2025-04-06,3,browse
88,2025-02-07,3,browse
88,2025-03-10,5,browse
88,2025-04-20,5,browse
89,2025-04-06,5,payment
89,2025-02-12,3,payment
89,2025-01-10,2,promo_click
89,2025-01-21,4,payment
89,2025-02-10,3,promo_click
89,2025-01-30,1,payment
90,2025-01-19,2,promo_click
90,2025-01-26,1,promo_click
90,2025-03-12,3,loan_apply
90,2025-02-05,1,loan_apply
90,2025-01-01,5,loan_apply
90,2025-04-14,5,promo_click
90,2025-03-14,1,promo_click
91,2025-03-04,1,payment
91,2025-02-15,4,payment
91,2025-04-05,3,browse
91,2025-03-13,3,payment
91,2025-03-01,5,loan_apply
91,2025-04-06,2,loan_apply
92,2025-04-12,2,promo_click
92,2025-01-17,2,payment
92,2025-01-16,4,payment
92,2025-03-07,2,loan_apply
92,2025-02-25,4,payment
92,2025-02-08,3,promo_click
92,2025-03-28,3,payment
92,2025-04-03,5,browse
92,2025-03-06,1,loan_apply
92,2025-01-30,5,loan_apply
92,2025-01-21,3,loan_apply
92,2025-01-19,1,loan_apply
92,2025-03-27,1,browse
92,2025-01-23,2,payment
92,2025-04-10,4,promo_click
93,2025-01-14,2,promo_click
93,2025-04-20,4,loan_apply
93,2025-01-24,4,loan_apply
93,2025-02-28,2,promo_click
93,2025-04-29,2,payment
93,2025-04-30,2,browse
94,2025-03-17,1,browse
94,2025-02-26,1,payment
94,2025-04-03,2,payment
94,2025-04-06,1,browse
94,2025-03-29,2,promo_click
94,2025-02-10,5,promo_click
94,2025-03-05,5,promo_click
94,2025-01-11,1,loan_apply
94,2025-04-17,3,loan_apply
94,2025-01-27,2,promo_click
94,2025-03-09,4,payment
94,2025-01-15,3,loan_apply
94,2025-03-24,1,payment
95,2025-03-17,3,loan_apply
95,2025-01-17,2,browse
95,2025-03-31,5,loan_apply
95,2025-03-01,3,loan_apply
95,2025-04-30,2,browse
95,2025-01-23,5,loan_apply
95,2025-04-17,5,loan_apply
95,2025-02-02,4,browse
95,2025-01-17,4,browse
95,2025-01-25,1,loan_apply
95,2025-03-25,3,browse
95,2025-01-12,5,payment
96,2025-04-28,4,promo_click
96,2025-02-10,3,browse
96,2025-04-22,2,promo_click
96,2025-03-19,3,promo_click
96,2025-04-15,4,browse
96,2025-04-15,5,payment
96,2025-04-11,5,promo_click
96,2025-01-31,2,promo_click
96,2025-01-09,1,payment
97,2025-02-25,1,promo_click
97,2025-04-19,5,loan_apply
97,2025-02-03,1,promo_click
97,2025-01-08,4,payment
97,2025-01-03,4,payment
97,2025-04-18,4,loan_apply
97,2025-01-28,1,promo_click
97,2025-01-21,4,browse
97,2025-04-09,5,loan_apply
97,2025-02-18,2,loan_apply
98,2025-02-22,2,payment
98,2025-01-13,5,payment
98,2025-01-24,2,payment
98,2025-03-22,4,payment
98,2025-01-10,3,loan_apply
98,2025-01-03,1,promo_click
98,2025-02-23,4,promo_click
98,2025-01-29,3,loan_apply
98,2025-04-10,2,promo_click
98,2025-03-31,1,promo_click
98,2025-04-29,4,promo_click
98,2025-02-16,1,promo_click
98,2025-04-02,2,promo_click
98,2025-01-27,5,payment
98,2025-02-28,1,payment
98,2025-02-06,5,loan_apply
98,2025-02-02,2,browse
98,2025-04-26,1,payment
98,2025-01-12,3,loan_apply
99,2025-01-07,4,browse
99,2025-02-20,1,promo_click
99,2025-03-16,1,browse
99,2025-03-30,5,payment
99,2025-02-28,4,promo_click
99,2025-03-08,5,loan_apply
99,2025-01-29,2,payment
99,2025-01-28,5,browse
99,2025-03-28,4,payment
99,2025-01-04,2,promo_click
99,2025-01-09,5,promo_click
99,2025-04-06,4,payment
99,2025-03-16,4,payment
99,2025-04-15,1,browse
99,2025-03-31,4,browse
99,2025-04-16,1,payment
99,2025-01-25,2,browse
100,2025-01-11,5,loan_apply
100,2025-03-13,4,browse
100,2025-04-05,4,browse
100,2025-04-17,1,loan_apply
100,2025-02-16,4,payment
100,2025-03-29,4,loan_apply
100,2025-02-16,1,payment
101,2025-04-23,2,loan_apply
101,2025-03-25,4,loan_apply
101,2025-03-16,1,payment
101,2025-02-07,3,payment
101,2025-01-15,5,payment
101,2025-01-21,5,payment
101,2025-02-07,2,payment
101,2025-03-15,5,browse
101,2025-04-04,3,payment
101,2025-01-06,5,promo_click
101,2025-02-13,5,browse
101,2025-04-18,1,loan_apply
101,2025-04-22,3,loan_apply
101,2025-02-19,3,browse
102,2025-03-11,1,promo_click
102,2025-03-09,3,promo_click
102,2025-02-17,3,payment
102,2025-03-03,1,promo_click
102,2025-01-11,5,loan_apply
102,2025-01-18,3,browse
102,2025-02-24,2,payment
102,2025-01-06,4,promo_click
102,2025-04-25,5,browse
102,2025-04-08,1,browse
102,2025-02-12,5,promo_click
102,2025-03-07,2,browse
102,2025-01-08,5,payment
102,2025-01-08,4,browse
102,2025-04-04,1,browse
102,2025-02-08,1,browse
103,2025-04-24,5,payment
103,2025-02-13,1,loan_apply
103,2025-03-15,4,loan_apply
103,2025-04-02,4,payment
103,2025-02-12,5,promo_click
103,2025-02-11,4,promo_click
103,2025-03-07,3,payment
103,2025-04-11,3,loan_apply
103,2025-04-03,3,promo_click
103,2025-01-13,5,payment
103,2025-04-10,1,payment
103,2025-04-30,3,payment
104,2025-02-01,1,loan_apply
104,2025-03-12,1,browse
104,2025-03-25,4,loan_apply
104,2025-04-04,3,browse
104,2025-04-23,3,payment
105,2025-01-18,5,promo_click
105,2025-04-03,4,loan_apply
105,2025-04-01,2,promo_click
105,2025-03-06,2,loan_apply
105,2025-02-27,2,loan_apply
106,2025-03-28,2,browse
106,2025-03-16,1,loan_apply
106,2025-01-05,2,loan_apply
106,2025-01-17,2,promo_click
106,2025-04-19,1,loan_apply
106,2025-03-09,5,promo_click
106,2025-01-11,3,loan_apply
106,2025-04-09,4,payment
107,2025-04-19,4,browse
107,2025-02-16,2,promo_click
107,2025-01-05,5,payment
107,2025-01-04,2,promo_click
107,2025-01-15,2,promo_click
107,2025-04-19,5,promo_click
107,2025-02-10,3,promo_click
108,2025-01-28,1,browse
108,2025-03-09,2,browse
108,2025-04-09,5,loan_apply
108,2025-03-08,3,promo_click
108,2025-03-04,5,promo_click
108,2025-04-08,5,promo_click
108,2025-01-24,2,promo_click
108,2025-03-08,2,loan_apply
108,2025-02-18,5,promo_click
108,2025-04-26,5,loan_apply
108,2025-04-05,5,payment
108,2025-02-10,1,loan_apply
108,2025-03-01,5,loan_apply
108,2025-01-10,5,loan_apply
108,2025-03-25,3,promo_click
108,2025-02-20,4,promo_click
108,2025-03-17,3,browse
108,2025-02-05,1,loan_apply
109,2025-02-27,2,payment
109,2025-03-03,5,loan_apply
109,2025-04-22,3,browse
109,2025-03-19,1,payment
109,2025-04-22,3,browse
109,2025-04-28,4,browse
109,2025-01-16,5,payment
109,2025-01-21,1,promo_click
109,2025-02-28,2,payment
109,2025-02-01,3,payment
109,2025-01-09,1,browse
110,2025-03-27,1,loan_apply
110,2025-03-09,4,browse
110,2025-01-25,3,loan_apply
110,2025-04-11,1,loan_apply
110,2025-03-04,1,browse
110,2025-02-05,1,loan_apply
110,2025-03-29,2,promo_click
110,2025-01-15,3,payment
110,2025-01-01,2,browse
110,2025-02-26,1,payment
110,2025-02-10,5,loan_apply
110,2025-01-13,4,promo_click
110,2025-04-27,3,loan_apply
110,2025-03-04,1,promo_click
111,2025-04-19,1,loan_apply
111,2025-03-08,2,browse
111,2025-04-10,4,payment
111,2025-04-23,3,browse
111,2025-04-26,3,promo_click
111,2025-03-19,2,loan_apply
111,2025-01-14,2,loan_apply
111,2025-04-29,4,promo_click
111,2025-02-28,5,browse
111,2025-01-06,1,loan_apply
111,2025-02-18,3,loan_apply
111,2025-03-06,5,browse
111,2025-03-21,5,promo_click
111,2025-03-05,3,browse
111,2025-03-17,3,browse
111,2025-03-15,1,promo_click
111,2025-04-05,4,promo_click
111,2025-01-23,2,promo_click
111,2025-01-22,3,loan_apply
112,2025-01-07,3,payment
112,2025-01-16,3,browse
112,2025-03-23,4,promo_click
112,2025-03-13,4,loan_apply
112,2025-04-23,4,payment
112,2025-02-22,3,loan_apply
112,2025-01-27,4,loan_apply
112,2025-01-06,1,loan_apply
112,2025-02-26,4,payment
112,2025-03-10,3,loan_apply
112,2025-03-03,2,promo_click
112,2025-04-15,3,payment
113,2025-03-07,4,loan_apply
113,2025-01-13,4,payment
113,2025-01-07,3,promo_click
113,2025-02-23,5,promo_click
113,2025-01-20,5,promo_click
113,2025-03-23,2,loan_apply
113,2025-02-26,2,payment
113,2025-01-29,2,loan_apply
113,2025-03-07,2,loan_apply
113,2025-01-28,1,loan_apply
113,2025-03-23,2,promo_click
113,2025-02-10,1,browse
113,2025-02-18,4,browse
113,2025-01-03,2,payment
113,2025-03-30,3,promo_click
114,2025-01-24,2,payment
114,2025-01-22,2,browse
114,2025-02-24,3,loan_apply
114,2025-04-21,4,browse
114,2025-02-10,4,promo_click
114,2025-01-19,4,browse
114,2025-04-21,2,payment
114,2025-02-22,2,payment
114,2025-03-08,3,payment
114,2025-03-14,1,promo_click
114,2025-02-17,1,browse
114,2025-04-10,3,promo_click
114,2025-01-02,5,promo_click
114,2025-03-06,3,payment
114,2025-03-30,2,loan_apply
114,2025-03-20,3,payment
115,2025-04-30,4,payment
115,2025-01-30,1,loan_apply
115,2025-01-28,1,loan_apply
115,2025-02-14,4,browse
115,2025-02-18,1,promo_click
115,2025-03-24,1,payment
115,2025-02-05,1,loan_apply
115,2025-02-15,2,promo_click
115,2025-02-01,1,payment
116,2025-02-23,2,browse
116,2025-04-26,3,loan_apply
116,2025-01-25,4,browse
116,2025-01-15,4,loan_apply
116,2025-03-14,3,payment
116,2025-01-19,4,loan_apply
116,2025-02-12,1,loan_apply
116,2025-02-11,2,promo_click
116,2025-04-19,1,loan_apply
116,2025-01-23,4,browse
116,2025-03-04,1,loan_apply
116,2025-04-20,5,browse
116,2025-02-17,2,promo_click
116,2025-03-16,5,payment
116,2025-03-08,2,loan_apply
117,2025-04-04,2,payment
117,2025-02-07,3,promo_click
117,2025-02-28,5,promo_click
117,2025-02-15,3,payment
117,2025-04-12,1,browse
117,2025-04-30,3,payment
118,2025-04-20,2,loan_apply
118,2025-03-14,5,payment
118,2025-04-17,1,browse
118,2025-04-23,4,promo_click
118,2025-04-07,5,loan_apply
118,2025-03-23,3,loan_apply
118,2025-01-02,5,payment
119,2025-03-01,2,promo_click
119,2025-02-05,2,promo_click
119,2025-04-17,5,browse
119,2025-04-02,2,payment
119,2025-03-04,3,payment
119,2025-02-26,5,promo_click
119,2025-03-27,5,browse
119,2025-02-23,4,promo_click
119,2025-03-20,1,browse
119,2025-01-03,2,loan_apply
119,2025-01-01,5,promo_click
119,2025-01-29,5,loan_apply
119,2025-03-15,4,loan_apply
119,2025-04-24,3,loan_apply
119,2025-02-16,4,browse
120,2025-03-10,1,promo_click
120,2025-01-12,4,browse
120,2025-02-25,2,browse
120,2025-01-25,5,loan_apply
120,2025-03-04,2,promo_click
120,2025-03-29,1,loan_apply
120,2025-02-24,5,promo_click
120,2025-04-20,2,loan_apply
121,2025-02-08,1,loan_apply
121,2025-03-26,5,loan_apply
121,2025-01-06,3,loan_apply
121,2025-02-04,1,payment
121,2025-01-05,2,browse
121,2025-03-22,4,browse
121,2025-03-21,3,payment
121,2025-02-26,1,loan_apply
121,2025-04-21,5,browse
121,2025-01-13,4,browse
121,2025-04-22,5,loan_apply
121,2025-04-29,5,payment
121,2025-04-11,4,payment
121,2025-04-04,1,payment
122,2025-04-17,2,browse
122,2025-03-19,2,payment
122,2025-04-21,4,browse
122,2025-02-05,2,loan_apply
122,2025-04-16,4,browse
122,2025-03-19,3,payment
122,2025-01-15,4,promo_click
122,2025-03-13,3,loan_apply
122,2025-01-09,1,payment
122,2025-04-07,3,browse
122,2025-03-15,2,loan_apply
122,2025-01-29,2,payment
122,2025-04-25,5,payment
122,2025-01-01,2,loan_apply
122,2025-02-17,5,promo_click
122,2025-02-18,5,promo_click
122,2025-03-02,5,browse
122,2025-03-29,2,loan_apply
123,2025-03-10,2,loan_apply
123,2025-03-08,2,loan_apply
123,2025-04-13,5,loan_apply
123,2025-04-23,1,browse
123,2025-01-25,3,loan_apply
123,2025-01-03,5,loan_apply
123,2025-04-17,2,promo_click
123,2025-01-16,1,payment
123,2025-01-28,1,promo_click
123,2025-02-25,1,loan_apply
123,2025-03-27,1,browse
123,2025-04-18,3,payment
123,2025-04-15,5,browse
123,2025-01-19,2,loan_apply
123,2025-02-14,3,browse
123,2025-02-22,1,promo_click
123,2025-01-18,3,promo_click
124,2025-04-06,4,browse
124,2025-02-26,4,browse
124,2025-04-02,4,loan_apply
124,2025-02-18,5,payment
124,2025-03-07,5,loan_apply
124,2025-04-28,4,promo_click
125,2025-04-16,5,browse
125,2025-03-24,3,payment
125,2025-03-19,3,browse
125,2025-03-03,4,browse
125,2025-03-01,4,browse
125,2025-04-05,3,promo_click
125,2025-04-01,3,payment
125,2025-03-03,1,loan_apply
125,2025-04-02,4,payment
125,2025-03-02,1,promo_click
125,2025-01-08,1,payment
125,2025-02-27,5,promo_click
125,2025-02-14,2,promo_click
125,2025-03-22,3,loan_apply
125,2025-03-24,4,loan_apply
126,2025-04-02,1,browse
126,2025-04-02,5,payment
126,2025-01-17,3,loan_apply
126,2025-03-05,2,promo_click
126,2025-04-16,5,loan_apply
126,2025-03-27,2,promo_click
126,2025-02-11,5,loan_apply
126,2025-01-11,3,loan_apply
126,2025-02-09,5,browse
126,2025-01-02,4,payment
126,2025-02-13,3,browse
127,2025-03-31,2,payment
127,2025-01-12,3,payment
127,2025-01-23,2,payment
127,2025-04-06,1,promo_click
127,2025-03-03,1,browse
128,2025-03-08,5,loan_apply
128,2025-04-04,5,promo_click
128,2025-01-28,5,payment
128,2025-04-20,5,browse
128,2025-04-10,2,browse
128,2025-02-22,4,promo_click
128,2025-01-23,4,payment
128,2025-04-11,4,promo_click
128,2025-02-02,4,promo_click
128,2025-01-01,5,browse
129,2025-01-21,3,browse
129,2025-01-05,4,promo_click
129,2025-02-15,2,promo_click
129,2025-01-06,1,promo_click
129,2025-04-20,3,promo_click
129,2025-04-14,5,browse
129,2025-04-14,5,payment
129,2025-01-18,2,promo_click
129,2025-03-16,1,payment
129,2025-02-07,3,promo_click
130,2025-03-02,3,promo_click
130,2025-03-02,2,browse
130,2025-04-19,3,browse
130,2025-04-05,5,loan_apply
130,2025-04-23,3,promo_click
130,2025-03-16,3,loan_apply
130,2025-04-25,3,payment
130,2025-02-17,5,browse
130,2025-03-27,2,loan_apply
130,2025-04-06,4,promo_click
130,2025-02-24,3,payment
130,2025-04-09,3,promo_click
130,2025-03-10,5,loan_apply
130,2025-01-10,3,loan_apply
130,2025-03-09,5,loan_apply
131,2025-03-07,2,loan_apply
131,2025-02-12,1,promo_click
131,2025-02-17,3,browse
131,2025-01-24,3,payment
131,2025-04-08,4,loan_apply
131,2025-03-04,3,loan_apply
131,2025-02-20,5,promo_click
131,2025-02-19,4,payment
131,2025-04-23,2,promo_click
131,2025-02-07,1,payment
131,2025-03-16,3,loan_apply
131,2025-01-18,3,browse
131,2025-02-23,2,promo_click
131,2025-03-28,3,loan_apply
131,2025-02-13,5,browse
132,2025-03-30,1,payment
132,2025-03-15,3,loan_apply
132,2025-03-05,4,loan_apply
132,2025-01-15,4,payment
132,2025-03-27,2,browse
132,2025-03-22,5,payment
132,2025-01-14,2,promo_click
132,2025-02-19,1,browse
132,2025-02-28,3,browse
132,2025-01-12,4,payment
132,2025-02-07,3,promo_click
132,2025-02-25,2,payment
132,2025-01-13,5,payment
132,2025-02-06,1,payment
132,2025-03-07,4,payment
133,2025-03-13,4,promo_click
133,2025-02-12,4,promo_click
133,2025-01-29,2,payment
133,2025-03-22,4,promo_click
133,2025-02-24,3,browse
133,2025-03-21,5,browse
133,2025-04-21,3,loan_apply
133,2025-03-28,1,browse
133,2025-02-20,4,loan_apply
133,2025-04-16,1,browse
133,2025-04-05,1,promo_click
133,2025-03-20,5,payment
133,2025-04-20,4,promo_click
133,2025-04-13,5,browse
133,2025-01-12,1,loan_apply
134,2025-01-29,3,payment
134,2025-01-11,2,payment
134,2025-03-12,4,payment
134,2025-02-03,3,promo_click
134,2025-02-19,2,promo_click
134,2025-02-21,5,promo_click
134,2025-01-03,5,payment
134,2025-02-09,4,promo_click
134,2025-01-23,3,payment
134,2025-03-05,5,payment
134,2025-02-25,4,payment
134,2025-02-08,4,loan_apply
134,2025-02-05,5,loan_apply
134,2025-04-06,4,loan_apply
134,2025-01-26,4,browse
134,2025-03-23,2,browse
134,2025-04-29,3,promo_click
134,2025-02-15,5,promo_click
135,2025-02-09,3,promo_click
135,2025-04-22,4,payment
135,2025-03-28,1,loan_apply
135,2025-04-29,2,loan_apply
135,2025-02-24,2,loan_apply
135,2025-02-25,2,loan_apply
135,2025-01-22,5,loan_apply
135,2025-02-17,2,browse
135,2025-03-17,1,browse
135,2025-04-16,5,loan_apply
135,2025-02-01,1,promo_click
135,2025-01-20,2,browse
135,2025-03-26,2,loan_apply
135,2025-03-21,1,browse
136,2025-02-07,3,promo_click
136,2025-03-12,1,browse
136,2025-02-17,2,promo_click
136,2025-02-24,4,browse
136,2025-03-30,5,loan_apply
136,2025-03-22,1,loan_apply
136,2025-01-06,3,loan_apply
136,2025-03-01,2,payment
136,2025-04-05,4,promo_click
136,2025-02-08,1,loan_apply
136,2025-02-01,3,payment
136,2025-03-04,4,loan_apply
136,2025-04-04,3,promo_click
136,2025-01-03,5,payment
136,2025-04-08,5,payment
136,2025-03-13,1,payment
137,2025-01-10,3,promo_click
137,2025-02-28,4,loan_apply
137,2025-02-28,5,browse
137,2025-03-10,4,loan_apply
137,2025-02-10,5,payment
137,2025-03-25,4,loan_apply
137,2025-02-14,2,payment
138,2025-04-26,5,loan_apply
138,2025-02-23,4,loan_apply
138,2025-01-01,5,loan_apply
138,2025-01-24,2,promo_click
138,2025-04-24,3,loan_apply
138,2025-01-23,3,payment
138,2025-04-21,3,loan_apply
138,2025-02-08,5,loan_apply
139,2025-03-02,2,payment
139,2025-03-23,1,payment
139,2025-04-13,5,promo_click
139,2025-04-24,5,payment
139,2025-04-04,2,loan_apply
139,2025-02-12,5,payment
139,2025-01-21,1,promo_click
139,2025-03-24,4,browse
139,2025-03-14,4,payment
139,2025-04-18,5,browse
139,2025-02-21,1,loan_apply
139,2025-02-21,1,payment
139,2025-04-21,1,promo_click
140,2025-04-08,1,promo_click
140,2025-01-15,4,loan_apply
140,2025-04-19,1,loan_apply
140,2025-01-08,3,payment
140,2025-01-12,1,browse
140,2025-04-14,2,payment
140,2025-04-25,3,browse
140,2025-02-12,1,loan_apply
140,2025-02-01,2,loan_apply
140,2025-03-26,5,promo_click
140,2025-01-23,2,payment
140,2025-02-06,5,promo_click
140,2025-04-25,1,loan_apply
140,2025-04-09,3,browse
140,2025-03-29,1,loan_apply
141,2025-03-04,3,browse
141,2025-01-28,3,loan_apply
141,2025-01-06,3,promo_click
141,2025-04-12,4,payment
141,2025-02-07,5,browse
141,2025-04-26,4,payment
142,2025-02-12,4,payment
142,2025-01-13,4,payment
142,2025-02-01,1,loan_apply
142,2025-04-10,4,payment
142,2025-03-24,2,promo_click
143,2025-04-14,3,promo_click
143,2025-01-01,2,payment
143,2025-02-17,1,browse
143,2025-03-17,2,promo_click
143,2025-02-07,4,browse
143,2025-01-09,4,browse
143,2025-03-29,5,loan_apply
143,2025-02-03,3,payment
143,2025-01-24,2,loan_apply
143,2025-01-26,4,promo_click
143,2025-04-14,2,browse
143,2025-03-08,5,browse
143,2025-02-27,3,promo_click
143,2025-04-23,3,promo_click
143,2025-04-15,5,promo_click
143,2025-01-26,2,browse
143,2025-04-05,2,promo_click
143,2025-01-12,4,browse
144,2025-04-22,1,payment
144,2025-03-30,2,payment
144,2025-01-03,2,loan_apply
144,2025-03-30,4,loan_apply
144,2025-04-26,5,payment
144,2025-04-07,4,payment
144,2025-01-15,2,payment
144,2025-04-20,4,browse
144,2025-02-15,1,loan_apply
144,2025-03-29,1,payment
144,2025-01-05,1,browse
145,2025-02-16,4,browse
145,2025-01-18,5,promo_click
145,2025-04-09,3,promo_click
145,2025-04-24,2,loan_apply
145,2025-02-21,1,promo_click
145,2025-04-29,3,loan_apply
145,2025-03-05,5,payment
145,2025-04-19,5,browse
145,2025-02-06,3,loan_apply
145,2025-04-12,5,loan_apply
145,2025-03-14,3,promo_click
145,2025-01-02,1,promo_click
145,2025-03-01,3,payment
145,2025-01-11,4,promo_click
145,2025-03-17,2,loan_apply
145,2025-03-13,5,loan_apply
146,2025-04-04,1,browse
146,2025-04-05,2,loan_apply
146,2025-02-25,2,browse
146,2025-01-31,4,loan_apply
146,2025-03-17,1,browse
146,2025-01-22,5,browse
146,2025-01-01,1,loan_apply
146,2025-03-04,2,payment
146,2025-02-11,5,browse
146,2025-03-22,3,loan_apply
146,2025-03-21,1,loan_apply
146,2025-04-28,2,loan_apply
146,2025-01-17,1,promo_click
146,2025-03-19,5,payment
146,2025-02-04,5,browse
146,2025-02-23,5,browse
147,2025-01-31,5,promo_click
147,2025-02-04,4,payment
147,2025-03-10,2,loan_apply
147,2025-01-23,1,payment
147,2025-01-26,5,payment
148,2025-03-11,3,promo_click
148,2025-04-24,2,promo_click
148,2025-01-17,1,payment
148,2025-03-19,5,browse
148,2025-02-13,3,browse
148,2025-04-17,4,browse
148,2025-03-22,3,browse
148,2025-01-20,4,browse
148,2025-02-01,2,promo_click
148,2025-02-13,5,loan_apply
149,2025-04-17,2,loan_apply
149,2025-04-09,4,loan_apply
149,2025-03-11,2,promo_click
149,2025-01-14,5,promo_click
149,2025-03-20,4,promo_click
149,2025-02-28,4,promo_click
149,2025-03-03,4,loan_apply
149,2025-03-31,4,promo_click
149,2025-04-19,2,browse
149,2025-01-03,3,browse
149,2025-03-14,5,payment
150,2025-04-30,4,browse
150,2025-04-13,2,loan_apply
150,2025-02-26,3,payment
150,2025-03-15,2,payment
150,2025-03-10,5,loan_apply
150,2025-02-08,4,payment
150,2025-02-12,5,browse
150,2025-03-10,2,loan_apply
150,2025-04-20,4,promo_click
150,2025-04-03,2,payment
150,2025-01-15,2,promo_click
151,2025-03-15,4,payment
151,2025-04-22,3,browse
151,2025-03-08,2,browse
151,2025-02-12,1,promo_click
151,2025-01-04,4,loan_apply
151,2025-02-10,3,loan_apply
151,2025-02-01,3,payment
151,2025-03-06,4,payment
151,2025-04-22,3,loan_apply
152,2025-01-03,1,promo_click
152,2025-03-17,1,payment
152,2025-04-23,3,loan_apply
152,2025-03-14,2,browse
152,2025-02-16,5,browse
152,2025-04-26,1,promo_click
152,2025-04-08,5,promo_click
152,2025-04-22,1,payment
152,2025-03-19,2,loan_apply
152,2025-04-20,2,payment
152,2025-04-29,1,loan_apply
152,2025-03-19,3,promo_click
152,2025-02-17,2,payment
152,2025-04-09,3,browse
153,2025-03-27,5,browse
153,2025-04-29,1,promo_click
153,2025-03-05,2,promo_click
153,2025-02-11,2,payment
153,2025-03-16,1,browse
153,2025-01-18,3,loan_apply
153,2025-02-28,2,promo_click
153,2025-01-06,1,promo_click
153,2025-04-17,2,promo_click
154,2025-01-04,2,payment
154,2025-02-28,3,browse
154,2025-03-20,4,promo_click
154,2025-01-13,3,loan_apply
154,2025-03-04,5,loan_apply
154,2025-04-30,4,loan_apply
154,2025-01-08,5,payment
154,2025-03-21,4,promo_click
154,2025-04-28,5,browse
154,2025-03-17,5,payment
154,2025-01-23,2,browse
154,2025-04-19,4,promo_click
154,2025-02-06,5,browse
154,2025-01-15,4,browse
154,2025-02-15,4,browse
154,2025-03-18,2,loan_apply
154,2025-03-05,5,browse
155,2025-01-29,4,loan_apply
155,2025-03-11,4,payment
155,2025-01-22,2,loan_apply
155,2025-02-23,4,payment
155,2025-02-14,3,browse
155,2025-02-03,5,browse
155,2025-03-03,5,promo_click
155,2025-01-22,4,promo_click
156,2025-03-14,3,browse
156,2025-02-07,4,browse
156,2025-03-20,1,promo_click
156,2025-01-09,4,payment
156,2025-03-23,5,promo_click
156,2025-03-28,3,loan_apply
156,2025-01-22,2,promo_click
156,2025-04-03,4,payment
157,2025-01-09,2,browse
157,2025-01-07,4,browse
157,2025-04-16,3,loan_apply
157,2025-03-26,5,browse
157,2025-03-24,5,promo_click
157,2025-03-07,3,promo_click
157,2025-01-10,2,payment
157,2025-03-01,1,promo_click
157,2025-01-16,5,browse
157,2025-04-17,1,browse
157,2025-04-29,5,promo_click
157,2025-03-12,2,browse
157,2025-02-19,4,browse
157,2025-03-22,1,browse
158,2025-02-16,4,loan_apply
158,2025-04-16,2,payment
158,2025-01-24,4,promo_click
158,2025-01-19,2,browse
158,2025-02-09,2,browse
159,2025-03-08,4,browse
159,2025-04-16,3,loan_apply
159,2025-02-23,2,loan_apply
159,2025-01-16,2,promo_click
159,2025-02-23,4,payment
159,2025-01-28,1,promo_click
159,2025-01-10,4,payment
159,2025-02-09,1,loan_apply
159,2025-04-30,1,payment
159,2025-02-11,5,payment
159,2025-03-21,5,payment
159,2025-02-26,4,payment
159,2025-04-17,3,loan_apply
159,2025-03-21,2,promo_click
159,2025-03-31,1,payment
159,2025-01-12,1,promo_click
159,2025-03-31,1,payment
160,2025-04-08,4,browse
160,2025-03-01,2,loan_apply
160,2025-02-20,4,promo_click
160,2025-01-24,3,payment
160,2025-01-31,1,payment
160,2025-03-07,5,browse
160,2025-01-12,5,promo_click
160,2025-03-25,5,browse
160,2025-01-24,5,payment
160,2025-04-20,5,payment
160,2025-03-29,2,promo_click
160,2025-02-27,4,payment
160,2025-04-30,4,loan_apply
161,2025-03-19,5,promo_click
161,2025-02-25,1,promo_click
161,2025-02-02,5,promo_click
161,2025-01-20,2,payment
161,2025-03-08,5,browse
161,2025-01-16,3,loan_apply
161,2025-03-09,5,promo_click
161,2025-04-25,4,promo_click
161,2025-03-22,5,browse
161,2025-01-14,5,browse
162,2025-02-13,1,loan_apply
162,2025-02-23,4,payment
162,2025-01-05,5,browse
162,2025-04-26,3,payment
162,2025-03-20,3,loan_apply
162,2025-04-27,3,loan_apply
162,2025-04-02,3,payment
162,2025-02-23,5,browse
162,2025-03-25,3,loan_apply
162,2025-03-14,5,payment
162,2025-01-25,2,loan_apply
162,2025-03-10,4,browse
162,2025-03-30,1,promo_click
162,2025-02-13,3,browse
162,2025-04-21,3,loan_apply
162,2025-02-23,2,promo_click
162,2025-04-09,4,payment
162,2025-03-08,1,browse
162,2025-02-27,5,browse
163,2025-03-07,5,promo_click
163,2025-03-11,5,promo_click
163,2025-02-20,1,browse
163,2025-03-01,3,loan_apply
163,2025-04-01,4,promo_click
164,2025-01-20,1,browse
164,2025-01-04,3,payment
164,2025-01-19,3,loan_apply
164,2025-02-12,5,loan_apply
164,2025-03-01,1,payment
164,2025-04-02,4,browse
164,2025-02-22,5,payment
164,2025-02-12,3,promo_click
164,2025-04-26,2,payment
164,2025-04-22,3,payment
164,2025-01-23,3,loan_apply
164,2025-01-28,1,promo_click
164,2025-02-25,3,promo_click
164,2025-02-08,3,promo_click
164,2025-03-20,3,payment
164,2025-02-11,3,browse
164,2025-02-07,2,browse
165,2025-02-15,4,payment
165,2025-04-23,2,promo_click
165,2025-03-06,3,promo_click
165,2025-03-13,3,promo_click
165,2025-04-28,3,browse
165,2025-03-02,4,loan_apply
165,2025-01-12,2,payment
165,2025-04-20,4,browse
165,2025-02-20,5,loan_apply
165,2025-02-15,5,promo_click
166,2025-01-13,1,loan_apply
166,2025-04-28,1,promo_click
166,2025-04-28,4,browse
166,2025-04-06,1,browse
166,2025-04-20,2,browse
166,2025-04-02,1,browse
166,2025-02-14,2,promo_click
166,2025-04-17,1,payment
166,2025-01-25,5,browse
166,2025-04-07,4,payment
166,2025-03-19,3,payment
166,2025-04-02,1,browse
166,2025-03-21,4,loan_apply
167,2025-04-20,1,browse
167,2025-04-12,2,browse
167,2025-02-16,5,promo_click
167,2025-04-28,4,payment
167,2025-02-07,1,payment
167,2025-01-07,1,payment
167,2025-04-23,1,payment
167,2025-01-10,1,browse
167,2025-04-22,5,payment
167,2025-04-12,3,promo_click
167,2025-02-02,1,promo_click
167,2025-02-22,4,payment
167,2025-01-04,1,promo_click
167,2025-02-12,2,promo_click
167,2025-01-01,2,loan_apply
167,2025-03-02,3,promo_click
167,2025-01-24,3,promo_click
167,2025-02-19,4,browse
167,2025-02-12,3,promo_click
168,2025-01-18,4,promo_click
168,2025-01-29,3,browse
168,2025-02-28,4,loan_apply
168,2025-01-17,2,promo_click
168,2025-02-08,1,promo_click
168,2025-01-30,3,payment
168,2025-04-18,4,payment
168,2025-02-05,2,payment
168,2025-02-22,5,loan_apply
168,2025-02-27,2,browse
168,2025-03-31,5,payment
168,2025-03-11,4,promo_click
168,2025-01-24,3,loan_apply
169,2025-04-11,1,payment
169,2025-02-02,2,loan_apply
169,2025-01-12,3,browse
169,2025-01-09,5,promo_click
169,2025-04-29,5,loan_apply
169,2025-04-17,5,browse
169,2025-01-02,4,browse
169,2025-04-27,4,payment
169,2025-01-18,3,browse
169,2025-02-12,2,promo_click
169,2025-02-07,5,payment
169,2025-02-02,4,browse
169,2025-04-05,2,browse
169,2025-03-09,3,payment
169,2025-03-09,1,payment
169,2025-04-03,2,promo_click
169,2025-01-06,2,loan_apply
169,2025-04-29,1,loan_apply
169,2025-02-24,3,promo_click
170,2025-02-08,4,promo_click
170,2025-04-02,3,browse
170,2025-02-18,1,payment
170,2025-02-14,5,browse
170,2025-03-10,2,loan_apply
170,2025-04-06,3,payment
170,2025-02-08,2,browse
170,2025-03-12,5,browse
170,2025-04-21,3,browse
170,2025-01-10,4,loan_apply
170,2025-03-20,3,payment
170,2025-01-12,5,loan_apply
170,2025-01-19,3,promo_click
170,2025-01-08,2,promo_click
170,2025-02-16,4,browse
170,2025-03-26,3,loan_apply
170,2025-01-08,5,browse
170,2025-04-22,1,promo_click
171,2025-04-27,1,browse
171,2025-01-15,2,loan_apply
171,2025-01-22,1,loan_apply
171,2025-02-13,1,payment
171,2025-04-17,1,loan_apply
171,2025-02-19,4,loan_apply
171,2025-03-22,4,payment
171,2025-04-20,1,promo_click
171,2025-01-23,3,payment
171,2025-04-21,5,browse
171,2025-01-25,2,payment
171,2025-01-13,3,payment
171,2025-01-28,2,browse
171,2025-03-01,1,promo_click
171,2025-02-20,3,promo_click
171,2025-04-21,1,promo_click
171,2025-04-06,4,promo_click
172,2025-02-15,1,payment
172,2025-04-22,3,payment
172,2025-01-08,5,loan_apply
172,2025-03-10,1,promo_click
172,2025-04-28,2,browse
172,2025-03-23,2,payment
172,2025-04-29,5,payment
172,2025-02-16,4,browse
173,2025-04-21,1,browse
173,2025-03-16,3,browse
173,2025-04-13,5,payment
173,2025-04-20,5,promo_click
173,2025-03-29,1,loan_apply
173,2025-02-20,3,browse
174,2025-02-25,3,payment
174,2025-03-17,4,promo_click
174,2025-03-01,3,loan_apply
174,2025-01-19,4,browse
174,2025-02-21,5,payment
174,2025-02-18,5,payment
174,2025-04-09,2,browse
174,2025-04-09,5,payment
174,2025-03-28,4,payment
174,2025-01-22,4,promo_click
174,2025-02-04,4,loan_apply
175,2025-04-18,5,payment
175,2025-04-14,5,loan_apply
175,2025-04-15,1,payment
175,2025-01-23,3,promo_click
175,2025-03-28,3,browse
175,2025-01-23,5,browse
175,2025-01-18,1,loan_apply
175,2025-02-26,3,loan_apply
175,2025-02-13,2,promo_click
175,2025-04-25,3,payment
175,2025-01-07,2,promo_click
175,2025-03-25,3,payment
176,2025-04-27,5,loan_apply
176,2025-01-31,5,payment
176,2025-02-09,5,loan_apply
176,2025-02-18,4,loan_apply
176,2025-04-28,5,promo_click
176,2025-01-17,4,loan_apply
176,2025-03-07,1,payment
176,2025-04-24,1,payment
176,2025-03-16,1,loan_apply
176,2025-02-07,5,browse
176,2025-01-14,2,promo_click
176,2025-01-03,5,browse
176,2025-04-07,3,payment
177,2025-03-29,5,browse
177,2025-03-03,1,promo_click
177,2025-01-25,5,loan_apply
177,2025-04-17,2,loan_apply
177,2025-01-16,2,loan_apply
177,2025-01-19,3,loan_apply
177,2025-01-16,3,loan_apply
177,2025-01-01,2,browse
178,2025-03-21,4,promo_click
178,2025-02-24,2,payment
178,2025-03-30,5,loan_apply
178,2025-01-06,5,payment
178,2025-03-11,1,promo_click
178,2025-04-17,2,payment
179,2025-04-26,2,promo_click
179,2025-03-29,4,loan_apply
179,2025-03-14,4,browse
179,2025-02-09,1,loan_apply
179,2025-01-09,2,promo_click
179,2025-03-22,3,loan_apply
179,2025-02-21,5,browse
179,2025-01-05,4,browse
179,2025-01-18,2,loan_apply
179,2025-01-13,4,payment
179,2025-04-19,2,loan_apply
179,2025-04-05,1,promo_click
179,2025-03-08,1,payment
180,2025-04-09,5,loan_apply
180,2025-02-11,5,promo_click
180,2025-04-30,5,promo_click
180,2025-02-06,2,promo_click
180,2025-04-30,1,promo_click
180,2025-03-12,2,payment
180,2025-02-25,4,browse
180,2025-04-13,5,browse
180,2025-01-29,2,browse
180,2025-03-10,1,browse
180,2025-02-19,4,promo_click
180,2025-02-24,1,loan_apply
180,2025-01-02,1,loan_apply
180,2025-04-13,4,payment
180,2025-04-29,3,payment
181,2025-03-16,4,promo_click
181,2025-03-10,3,payment
181,2025-02-28,4,browse
181,2025-04-21,1,promo_click
181,2025-01-15,1,promo_click
181,2025-02-24,3,browse
182,2025-03-24,4,browse
182,2025-01-30,3,loan_apply
182,2025-03-30,3,promo_click
182,2025-03-23,4,promo_click
182,2025-04-26,3,payment
183,2025-02-14,5,browse
183,2025-01-27,2,payment
183,2025-02-05,1,payment
183,2025-01-24,2,browse
183,2025-01-06,5,payment
183,2025-01-25,1,payment
183,2025-01-24,3,payment
183,2025-04-25,2,promo_click
183,2025-01-03,3,payment
183,2025-03-02,3,payment
183,2025-02-17,5,payment
183,2025-02-25,3,promo_click
183,2025-02-20,4,promo_click
183,2025-04-06,3,browse
183,2025-01-09,5,loan_apply
183,2025-01-29,4,browse
183,2025-01-03,5,promo_click
183,2025-01-07,3,loan_apply
183,2025-04-01,4,browse
184,2025-03-16,2,loan_apply
184,2025-02-02,2,browse
184,2025-04-10,5,loan_apply
184,2025-02-28,1,browse
184,2025-02-17,5,promo_click
184,2025-04-06,3,promo_click
184,2025-02-16,3,promo_click
184,2025-01-14,5,loan_apply
184,2025-01-31,1,promo_click
184,2025-01-24,4,browse
184,2025-03-23,2,payment
184,2025-03-19,2,browse
184,2025-03-20,3,browse
184,2025-02-19,4,browse
184,2025-01-08,3,payment
185,2025-04-15,2,promo_click
185,2025-04-14,5,promo_click
185,2025-04-04,4,loan_apply
185,2025-01-13,1,payment
185,2025-03-03,4,payment
185,2025-04-03,2,payment
185,2025-04-28,5,browse
185,2025-01-31,5,loan_apply
185,2025-02-07,3,payment
185,2025-01-02,1,loan_apply
185,2025-03-19,1,promo_click
185,2025-04-04,5,promo_click
185,2025-03-26,5,loan_apply
185,2025-01-22,3,loan_apply
185,2025-01-16,2,payment
185,2025-04-23,3,loan_apply
185,2025-03-21,2,browse
186,2025-03-26,2,payment
186,2025-01-06,1,browse
186,2025-03-30,5,loan_apply
186,2025-01-20,3,loan_apply
186,2025-02-06,1,loan_apply
186,2025-02-11,1,payment
186,2025-01-09,3,promo_click
186,2025-03-27,2,browse
187,2025-04-20,1,payment
187,2025-03-12,1,browse
187,2025-04-07,1,promo_click
187,2025-01-04,4,loan_apply
187,2025-03-23,3,browse
187,2025-02-28,1,promo_click
187,2025-04-16,1,browse
187,2025-04-10,4,payment
187,2025-03-03,2,browse
187,2025-04-24,2,promo_click
188,2025-01-13,2,payment
188,2025-03-18,1,loan_apply
188,2025-02-12,5,payment
188,2025-03-22,2,browse
188,2025-02-23,3,payment
189,2025-02-27,4,browse
189,2025-03-12,2,payment
189,2025-01-07,2,loan_apply
189,2025-03-09,1,promo_click
189,2025-04-24,3,loan_apply
189,2025-01-21,2,payment
190,2025-02-16,4,payment
190,2025-02-20,3,payment
190,2025-01-20,3,payment
190,2025-03-13,1,payment
190,2025-04-23,1,promo_click
190,2025-02-16,3,payment
190,2025-03-04,1,browse
190,2025-03-01,3,payment
190,2025-01-30,5,payment
190,2025-03-16,4,payment
190,2025-01-29,3,loan_apply
190,2025-02-11,2,loan_apply
190,2025-01-31,2,browse
190,2025-01-17,1,browse
190,2025-04-20,3,promo_click
191,2025-02-26,4,payment
191,2025-02-04,2,loan_apply
191,2025-01-01,4,loan_apply
191,2025-04-03,5,loan_apply
191,2025-02-20,1,browse
191,2025-01-21,5,promo_click
191,2025-04-18,3,loan_apply
192,2025-01-26,4,loan_apply
192,2025-04-10,2,promo_click
192,2025-02-12,1,loan_apply
192,2025-02-28,4,loan_apply
192,2025-03-12,4,browse
192,2025-02-03,5,promo_click
192,2025-03-19,3,payment
192,2025-01-10,2,loan_apply
192,2025-03-22,5,promo_click
192,2025-03-11,1,promo_click
192,2025-01-01,5,payment
192,2025-03-11,3,payment
193,2025-04-07,2,loan_apply
193,2025-01-07,4,browse
193,2025-01-26,1,browse
193,2025-02-05,5,browse
193,2025-03-05,3,loan_apply
193,2025-03-10,5,payment
193,2025-02-24,2,loan_apply
193,2025-03-21,5,payment
193,2025-02-04,3,browse
193,2025-01-29,2,loan_apply
193,2025-02-10,1,browse
193,2025-03-12,3,payment
193,2025-02-01,2,browse
193,2025-01-07,1,loan_apply
193,2025-03-02,4,promo_click
193,2025-01-06,2,browse
193,2025-03-31,2,payment
194,2025-03-01,1,loan_apply
194,2025-03-15,3,browse
194,2025-04-21,2,browse
194,2025-03-05,4,promo_click
194,2025-03-21,1,promo_click
194,2025-01-15,3,promo_click
194,2025-03-22,3,payment
194,2025-02-27,2,browse
194,2025-02-05,2,browse
195,2025-03-30,4,payment
195,2025-03-04,2,loan_apply
195,2025-03-16,2,loan_apply
195,2025-04-11,3,loan_apply
195,2025-02-07,1,loan_apply
195,2025-03-29,1,loan_apply
195,2025-03-29,5,loan_apply
195,2025-01-02,1,promo_click
195,2025-03-03,1,promo_click
195,2025-03-22,1,loan_apply
195,2025-02-19,2,browse
195,2025-03-26,5,payment
195,2025-02-24,5,promo_click
195,2025-03-15,5,loan_apply
195,2025-01-18,2,promo_click
195,2025-03-25,5,loan_apply
195,2025-03-23,1,loan_apply
195,2025-01-14,1,loan_apply
195,2025-04-05,4,payment
196,2025-04-30,3,promo_click
196,2025-01-09,5,browse
196,2025-01-27,4,loan_apply
196,2025-04-29,3,payment
196,2025-02-21,2,loan_apply
196,2025-01-26,2,payment
196,2025-04-02,1,payment
196,2025-04-06,5,browse
197,2025-02-11,3,loan_apply
197,2025-04-18,1,promo_click
197,2025-02-18,3,browse
197,2025-02-18,2,browse
197,2025-03-13,4,promo_click
198,2025-01-07,4,promo_click
198,2025-01-24,5,payment
198,2025-03-03,1,loan_apply
198,2025-01-25,2,payment
198,2025-03-21,2,promo_click
198,2025-01-29,4,payment
198,2025-01-16,4,promo_click
198,2025-03-12,1,payment
198,2025-02-12,2,payment
198,2025-03-19,1,payment
199,2025-03-25,3,promo_click
199,2025-03-09,5,payment
199,2025-03-16,2,payment
199,2025-04-18,1,promo_click
199,2025-03-31,4,loan_apply
199,2025-01-13,2,promo_click
199,2025-01-26,5,promo_click
199,2025-02-17,4,promo_click
199,2025-03-07,2,loan_apply
199,2025-03-28,5,browse
199,2025-03-22,4,payment
199,2025-03-25,4,browse
199,2025-02-15,3,browse
199,2025-01-12,2,promo_click
199,2025-04-10,3,payment
199,2025-02-13,5,payment
199,2025-01-06,5,promo_click
200,2025-01-18,4,promo_click
200,2025-04-28,5,browse
200,2025-04-14,3,payment
200,2025-03-25,3,loan_apply
200,2025-04-17,5,promo_click
200,2025-01-07,3,loan_apply
200,2025-01-11,3,payment
200,2025-03-10,5,loan_apply
200,2025-01-09,3,loan_apply
200,2025-03-11,1,payment
201,2025-01-21,1,browse
201,2025-02-07,2,promo_click
201,2025-02-04,2,promo_click
201,2025-02-07,4,browse
201,2025-04-20,2,loan_apply
201,2025-01-10,2,loan_apply
201,2025-01-17,3,payment
201,2025-04-05,3,loan_apply
201,2025-01-12,4,payment
201,2025-01-13,2,payment
201,2025-03-26,1,promo_click
201,2025-03-23,5,browse
202,2025-03-22,2,payment
202,2025-01-06,5,browse
202,2025-01-11,1,browse
202,2025-01-12,1,payment
202,2025-01-08,2,browse
202,2025-02-22,4,payment
202,2025-03-26,4,promo_click
202,2025-01-08,4,loan_apply
202,2025-04-16,4,loan_apply
202,2025-01-14,2,loan_apply
202,2025-03-27,5,promo_click
202,2025-02-19,4,promo_click
202,2025-03-28,1,loan_apply
202,2025-01-26,5,promo_click
202,2025-03-27,4,payment
202,2025-04-29,2,payment
203,2025-04-24,3,payment
203,2025-04-30,5,promo_click
203,2025-03-11,5,loan_apply
203,2025-02-08,1,browse
203,2025-01-18,4,loan_apply
203,2025-04-26,4,promo_click
203,2025-02-11,3,payment
204,2025-02-21,2,promo_click
204,2025-04-16,2,loan_apply
204,2025-03-16,2,loan_apply
204,2025-02-21,5,browse
204,2025-03-05,1,loan_apply
204,2025-01-02,2,browse
204,2025-02-02,5,payment
204,2025-03-25,3,browse
204,2025-04-24,5,payment
204,2025-01-18,5,payment
204,2025-02-13,5,payment
204,2025-03-28,4,loan_apply
204,2025-01-11,2,payment
205,2025-02-02,5,promo_click
205,2025-03-30,4,payment
205,2025-01-19,2,loan_apply
205,2025-04-04,3,payment
205,2025-01-23,3,payment
205,2025-03-21,1,promo_click
205,2025-01-24,2,loan_apply
205,2025-01-08,2,loan_apply
206,2025-01-26,5,browse
206,2025-01-29,3,payment
206,2025-04-14,3,payment
206,2025-03-17,2,browse
206,2025-04-18,4,payment
206,2025-03-18,5,payment
206,2025-03-17,2,browse
206,2025-04-11,2,payment
206,2025-03-29,4,promo_click
207,2025-03-01,1,promo_click
207,2025-01-15,5,loan_apply
207,2025-01-05,3,payment
207,2025-02-21,5,loan_apply
207,2025-02-22,2,browse
207,2025-04-16,4,promo_click
207,2025-04-09,4,loan_apply
207,2025-03-11,1,promo_click
207,2025-01-11,4,payment
207,2025-03-02,5,browse
207,2025-04-03,5,promo_click
207,2025-04-19,5,loan_apply
208,2025-02-09,5,browse
208,2025-01-16,5,browse
208,2025-03-09,5,payment
208,2025-01-25,4,promo_click
208,2025-03-31,5,promo_click
208,2025-04-22,1,promo_click
208,2025-01-09,4,loan_apply
208,2025-02-23,4,payment
208,2025-01-28,3,loan_apply
208,2025-04-08,2,loan_apply
208,2025-04-13,2,loan_apply
209,2025-03-19,3,payment
209,2025-02-07,4,loan_apply
209,2025-02-02,1,promo_click
209,2025-04-11,3,payment
209,2025-02-12,1,browse
209,2025-02-07,5,loan_apply
209,2025-03-24,3,payment
209,2025-01-12,4,browse
209,2025-01-18,4,loan_apply
209,2025-03-28,4,payment
209,2025-02-05,5,browse
209,2025-01-09,5,loan_apply
209,2025-01-18,3,browse
209,2025-03-04,1,browse
210,2025-03-19,4,loan_apply
210,2025-02-10,5,payment
210,2025-03-20,4,payment
210,2025-03-21,4,promo_click
210,2025-03-10,2,payment
210,2025-01-01,2,loan_apply
210,2025-04-22,3,browse
210,2025-03-29,3,payment
210,2025-02-11,2,loan_apply
210,2025-03-03,4,loan_apply
210,2025-02-28,1,promo_click
210,2025-03-12,2,loan_apply
210,2025-03-29,3,browse
211,2025-03-29,1,promo_click
211,2025-03-31,1,browse
211,2025-03-18,3,promo_click
211,2025-03-21,4,payment
211,2025-02-05,3,payment
211,2025-04-23,2,loan_apply
211,2025-04-24,4,loan_apply
211,2025-03-17,5,promo_click
211,2025-03-09,4,browse
211,2025-02-27,5,promo_click
211,2025-03-20,4,promo_click
212,2025-03-20,1,payment
212,2025-02-06,5,browse
212,2025-01-30,5,payment
212,2025-03-19,4,promo_click
212,2025-03-25,4,browse
212,2025-04-19,4,browse
212,2025-02-13,5,promo_click
212,2025-02-03,2,loan_apply
212,2025-02-24,2,promo_click
213,2025-03-18,5,payment
213,2025-01-10,2,payment
213,2025-04-01,4,promo_click
213,2025-02-20,5,promo_click
213,2025-03-06,4,loan_apply
213,2025-04-13,5,payment
213,2025-03-26,1,loan_apply
213,2025-01-17,5,payment
213,2025-02-26,4,loan_apply
213,2025-02-09,3,browse
213,2025-01-19,4,payment
213,2025-02-02,5,payment
213,2025-04-30,1,payment
214,2025-02-18,4,payment
214,2025-04-18,2,browse
214,2025-01-06,1,loan_apply
214,2025-03-12,2,browse
214,2025-01-21,4,browse
214,2025-03-21,4,promo_click
214,2025-04-12,1,promo_click
214,2025-01-05,5,payment
214,2025-02-16,1,loan_apply
214,2025-01-19,1,loan_apply
214,2025-04-19,3,payment
214,2025-01-21,3,loan_apply
214,2025-02-09,3,loan_apply
214,2025-04-19,5,browse
214,2025-03-25,4,promo_click
215,2025-03-26,3,loan_apply
215,2025-03-18,1,browse
215,2025-03-14,1,loan_apply
215,2025-03-07,3,browse
215,2025-04-30,2,payment
215,2025-02-28,4,loan_apply
216,2025-02-16,2,browse
216,2025-03-03,4,browse
216,2025-01-17,5,browse
216,2025-03-23,5,payment
216,2025-03-12,1,browse
216,2025-02-05,5,promo_click
216,2025-04-12,1,loan_apply
216,2025-01-30,4,promo_click
216,2025-03-29,5,loan_apply
216,2025-03-09,3,promo_click
216,2025-01-14,5,payment
216,2025-02-11,1,browse
216,2025-01-12,2,loan_apply
216,2025-01-30,3,browse
216,2025-01-23,1,loan_apply
217,2025-01-09,4,promo_click
217,2025-03-01,5,browse
217,2025-03-27,3,browse
217,2025-04-19,4,promo_click
217,2025-03-06,5,loan_apply
217,2025-04-19,1,payment
217,2025-02-16,3,browse
217,2025-04-06,4,payment
217,2025-01-18,3,promo_click
217,2025-01-18,3,browse
217,2025-02-18,5,payment
217,2025-02-13,2,browse
217,2025-02-05,2,promo_click
217,2025-02-07,3,browse
217,2025-01-09,3,loan_apply
217,2025-04-20,3,browse
218,2025-01-14,4,payment
218,2025-01-04,4,promo_click
218,2025-01-25,4,promo_click
218,2025-03-07,3,payment
218,2025-01-22,4,loan_apply
218,2025-02-07,4,browse
218,2025-03-29,1,loan_apply
218,2025-01-07,1,browse
218,2025-01-12,2,loan_apply
219,2025-02-11,4,promo_click
219,2025-04-13,2,payment
219,2025-03-15,4,payment
219,2025-01-17,4,browse
219,2025-03-03,1,browse
219,2025-04-25,4,browse
220,2025-04-29,2,payment
220,2025-04-24,5,payment
220,2025-02-20,2,promo_click
220,2025-01-15,2,loan_apply
220,2025-04-24,3,browse
220,2025-03-27,2,browse
220,2025-03-08,5,promo_click
220,2025-04-03,1,browse
220,2025-01-13,2,promo_click
220,2025-01-10,1,promo_click
220,2025-01-06,3,loan_apply
221,2025-01-09,3,loan_apply
221,2025-03-24,5,promo_click
221,2025-04-12,4,promo_click
221,2025-02-28,3,browse
221,2025-03-09,1,loan_apply
221,2025-02-09,3,browse
221,2025-02-25,4,loan_apply
221,2025-02-09,5,promo_click
221,2025-02-15,5,browse
221,2025-01-06,1,promo_click
221,2025-04-14,1,browse
221,2025-03-22,1,payment
221,2025-03-18,4,payment
221,2025-02-21,4,browse
222,2025-01-22,3,browse
222,2025-03-08,3,promo_click
222,2025-02-27,4,promo_click
222,2025-03-10,4,browse
222,2025-02-08,5,loan_apply
222,2025-02-26,5,loan_apply
222,2025-01-12,5,promo_click
222,2025-03-15,1,loan_apply
222,2025-02-09,5,browse
222,2025-01-03,5,payment
222,2025-01-11,5,promo_click
222,2025-01-10,2,promo_click
222,2025-02-03,3,promo_click
222,2025-01-31,3,loan_apply
223,2025-03-07,1,browse
223,2025-02-01,4,loan_apply
223,2025-04-08,2,promo_click
223,2025-01-25,4,browse
223,2025-02-08,1,loan_apply
223,2025-01-11,5,browse
223,2025-04-01,2,promo_click
223,2025-03-27,4,loan_apply
223,2025-03-20,4,loan_apply
223,2025-04-03,5,loan_apply
223,2025-02-21,1,payment
223,2025-04-24,5,browse
223,2025-01-18,5,loan_apply
223,2025-04-04,3,browse
223,2025-03-05,2,browse
223,2025-02-11,3,promo_click
223,2025-02-13,2,browse
224,2025-04-12,3,payment
224,2025-01-28,2,payment
224,2025-01-13,1,promo_click
224,2025-02-28,5,browse
224,2025-04-02,5,browse
224,2025-02-14,4,promo_click
224,2025-03-02,3,payment
224,2025-02-27,5,browse
224,2025-01-26,2,browse
224,2025-02-22,3,payment
225,2025-04-02,2,loan_apply
225,2025-01-15,2,promo_click
225,2025-04-05,3,loan_apply
225,2025-03-05,5,payment
225,2025-02-20,4,payment
225,2025-01-03,5,promo_click
225,2025-01-11,1,payment
225,2025-02-27,3,browse
225,2025-04-07,5,browse
225,2025-04-05,2,browse
225,2025-02-05,3,browse
226,2025-03-06,3,browse
226,2025-01-31,4,browse
226,2025-01-01,1,browse
226,2025-04-12,4,browse
226,2025-03-04,3,payment
226,2025-03-23,4,loan_apply
226,2025-03-05,2,loan_apply
226,2025-01-09,2,payment
226,2025-03-01,5,browse
226,2025-01-10,2,promo_click
226,2025-02-05,5,loan_apply
226,2025-04-21,1,browse
226,2025-03-15,5,payment
226,2025-03-31,5,loan_apply
226,2025-04-19,2,payment
227,2025-03-13,5,payment
227,2025-01-15,3,promo_click
227,2025-01-01,5,browse
227,2025-02-21,5,promo_click
227,2025-03-21,3,loan_apply
227,2025-03-07,3,payment
227,2025-03-31,2,payment
227,2025-04-12,1,browse
227,2025-03-13,1,loan_apply
227,2025-03-12,5,promo_click
227,2025-04-25,5,promo_click
227,2025-04-30,4,promo_click
227,2025-02-27,2,loan_apply
227,2025-04-03,1,browse
228,2025-01-10,5,payment
228,2025-03-21,4,promo_click
228,2025-04-19,5,payment
228,2025-03-12,1,promo_click
228,2025-04-03,4,promo_click
228,2025-02-07,5,loan_apply
228,2025-03-14,1,browse
228,2025-04-01,5,payment
228,2025-01-29,3,loan_apply
228,2025-02-12,4,promo_click
228,2025-03-13,5,loan_apply
228,2025-02-11,2,promo_click
228,2025-04-15,3,payment
228,2025-02-15,2,loan_apply
229,2025-01-27,1,browse
229,2025-03-15,2,promo_click
229,2025-01-25,5,browse
229,2025-01-06,5,payment
229,2025-03-11,5,payment
229,2025-02-27,2,payment
229,2025-03-28,2,promo_click
229,2025-01-22,5,promo_click
229,2025-04-13,4,loan_apply
230,2025-01-01,5,promo_click
230,2025-04-19,1,browse
230,2025-01-03,3,promo_click
230,2025-03-27,4,loan_apply
230,2025-01-26,5,loan_apply
231,2025-03-15,3,promo_click
231,2025-01-28,4,promo_click
231,2025-04-14,3,loan_apply
231,2025-04-25,1,payment
231,2025-01-11,1,browse
231,2025-03-31,3,promo_click
231,2025-02-12,5,browse
231,2025-01-13,2,browse
231,2025-03-23,2,browse
231,2025-02-10,2,payment
231,2025-03-28,3,browse
231,2025-01-03,4,browse
231,2025-02-18,2,loan_apply
231,2025-04-11,2,loan_apply
231,2025-03-12,4,promo_click
231,2025-04-24,5,promo_click
231,2025-02-01,4,loan_apply
231,2025-01-01,4,promo_click
231,2025-02-04,4,loan_apply
232,2025-03-21,2,browse
232,2025-03-06,5,promo_click
232,2025-02-20,3,loan_apply
232,2025-04-26,5,loan_apply
232,2025-04-10,4,promo_click
232,2025-02-05,4,loan_apply
232,2025-03-23,2,promo_click
232,2025-02-10,2,payment
232,2025-03-07,5,promo_click
232,2025-02-13,5,payment
232,2025-03-31,5,loan_apply
232,2025-03-21,4,browse
232,2025-04-25,1,browse
233,2025-04-11,2,promo_click
233,2025-02-17,3,loan_apply
233,2025-04-09,2,browse
233,2025-02-27,3,promo_click
233,2025-01-02,3,loan_apply
234,2025-04-11,2,promo_click
234,2025-01-04,4,loan_apply
234,2025-01-07,4,browse
234,2025-01-05,1,payment
234,2025-04-16,2,browse
234,2025-03-22,5,loan_apply
234,2025-04-16,1,loan_apply
234,2025-02-02,4,promo_click
234,2025-01-18,1,payment
234,2025-02-26,5,loan_apply
234,2025-04-24,1,browse
234,2025-01-06,2,loan_apply
234,2025-03-20,5,promo_click
234,2025-03-23,2,loan_apply
234,2025-02-18,4,browse
235,2025-01-14,3,browse
235,2025-04-24,2,promo_click
235,2025-04-12,5,payment
235,2025-03-23,2,browse
235,2025-01-20,2,promo_click
235,2025-03-30,1,payment
235,2025-03-18,4,browse
235,2025-03-19,1,promo_click
235,2025-02-21,5,promo_click
235,2025-02-13,2,promo_click
235,2025-01-05,5,browse
235,2025-02-14,1,payment
235,2025-02-01,1,payment
235,2025-03-08,2,promo_click
235,2025-01-29,3,payment
236,2025-01-30,1,payment
236,2025-01-02,3,payment
236,2025-03-09,1,browse
236,2025-01-13,4,browse
236,2025-02-24,1,payment
236,2025-03-02,1,promo_click
236,2025-03-05,4,browse
236,2025-01-02,2,loan_apply
236,2025-04-20,5,payment
236,2025-04-16,4,payment
236,2025-02-25,3,browse
236,2025-03-30,2,loan_apply
236,2025-01-30,3,loan_apply
236,2025-01-03,2,loan_apply
236,2025-01-24,5,payment
236,2025-02-12,4,payment
236,2025-02-18,2,promo_click
237,2025-03-07,3,browse
237,2025-04-08,2,payment
237,2025-03-26,4,promo_click
237,2025-02-21,4,payment
237,2025-02-22,3,payment
237,2025-04-24,3,browse
237,2025-01-30,2,loan_apply
237,2025-04-21,1,browse
238,2025-01-25,3,loan_apply
238,2025-03-16,3,browse
238,2025-01-27,2,browse
238,2025-03-03,3,promo_click
238,2025-02-19,2,loan_apply
238,2025-02-08,4,loan_apply
238,2025-02-02,3,loan_apply
238,2025-03-24,1,browse
238,2025-01-16,2,promo_click
238,2025-01-12,5,payment
238,2025-04-02,5,loan_apply
238,2025-02-18,2,loan_apply
239,2025-01-13,4,loan_apply
239,2025-04-17,1,browse
239,2025-01-18,2,loan_apply
239,2025-01-30,2,promo_click
239,2025-03-18,1,payment
239,2025-02-17,1,loan_apply
239,2025-02-07,2,loan_apply
239,2025-01-06,2,payment
239,2025-04-16,2,browse
239,2025-02-10,4,payment
239,2025-01-17,5,payment
239,2025-03-11,2,browse
239,2025-01-12,3,payment
239,2025-01-22,3,browse
239,2025-02-17,2,loan_apply
239,2025-01-13,5,loan_apply
239,2025-01-10,5,browse
239,2025-01-09,4,payment
239,2025-01-25,5,payment
240,2025-02-03,3,payment
240,2025-01-03,2,promo_click
240,2025-02-28,1,browse
240,2025-03-08,2,browse
240,2025-03-14,4,promo_click
240,2025-01-05,3,browse
240,2025-04-04,4,loan_apply
240,2025-01-01,3,promo_click
240,2025-03-04,5,payment
240,2025-01-12,5,loan_apply
240,2025-01-02,5,loan_apply
240,2025-03-21,3,payment
240,2025-04-10,3,browse
240,2025-02-27,5,browse
241,2025-01-15,4,browse
241,2025-02-11,1,browse
241,2025-03-21,2,loan_apply
241,2025-03-05,3,payment
241,2025-01-24,2,payment
241,2025-01-31,3,promo_click
241,2025-01-26,5,browse
241,2025-03-19,1,promo_click
241,2025-03-06,5,browse
241,2025-04-28,2,payment
242,2025-03-28,5,loan_apply
242,2025-03-06,5,browse
242,2025-04-16,3,payment
242,2025-04-29,4,promo_click
242,2025-01-28,5,loan_apply
242,2025-02-09,2,promo_click
242,2025-01-03,4,browse
242,2025-03-17,2,promo_click
242,2025-02-15,5,loan_apply
242,2025-03-26,3,loan_apply
243,2025-04-23,2,promo_click
243,2025-01-31,1,browse
243,2025-04-04,5,browse
243,2025-04-02,4,browse
243,2025-01-11,1,payment
243,2025-04-14,1,browse
243,2025-04-09,2,browse
243,2025-04-11,5,payment
243,2025-01-05,4,loan_apply
243,2025-03-26,5,promo_click
243,2025-03-02,4,payment
243,2025-01-25,2,loan_apply
243,2025-02-01,2,payment
243,2025-02-10,1,browse
243,2025-04-07,1,browse
244,2025-01-19,4,promo_click
244,2025-01-25,1,browse
244,2025-02-04,4,payment
244,2025-01-05,2,payment
244,2025-04-13,5,loan_apply
244,2025-02-16,3,promo_click
244,2025-02-22,4,browse
244,2025-03-10,1,promo_click
244,2025-03-29,2,promo_click
244,2025-01-16,2,promo_click
244,2025-03-17,5,loan_apply
244,2025-04-16,1,payment
244,2025-04-06,4,loan_apply
244,2025-04-14,2,browse
244,2025-02-19,5,promo_click
244,2025-04-06,2,browse
244,2025-02-05,1,browse
245,2025-03-21,1,payment
245,2025-01-24,2,loan_apply
245,2025-01-18,4,payment
245,2025-03-10,4,browse
245,2025-01-16,3,promo_click
245,2025-03-31,2,loan_apply
245,2025-01-23,5,payment
245,2025-03-20,1,loan_apply
245,2025-01-25,5,loan_apply
245,2025-01-23,1,browse
246,2025-01-14,5,promo_click
246,2025-01-30,3,loan_apply
246,2025-04-13,5,payment
246,2025-01-23,1,browse
246,2025-04-14,2,loan_apply
246,2025-02-02,5,payment
246,2025-01-17,3,browse
246,2025-03-11,3,promo_click
246,2025-04-11,2,promo_click
246,2025-01-25,4,payment
246,2025-03-15,5,browse
246,2025-04-01,2,loan_apply
246,2025-04-04,1,promo_click
246,2025-01-07,3,payment
247,2025-01-12,3,loan_apply
247,2025-01-21,2,browse
247,2025-04-10,1,promo_click
247,2025-02-10,3,promo_click
247,2025-01-25,2,loan_apply
247,2025-04-02,5,loan_apply
247,2025-02-07,3,promo_click
247,2025-03-11,1,browse
247,2025-01-01,5,payment
247,2025-02-14,2,browse
247,2025-03-20,5,payment
247,2025-01-14,2,payment
248,2025-01-31,3,browse
248,2025-01-29,2,promo_click
248,2025-01-17,4,promo_click
248,2025-02-27,5,browse
248,2025-04-28,3,loan_apply
248,2025-02-28,4,payment
248,2025-04-20,2,loan_apply
248,2025-01-26,1,promo_click
248,2025-04-09,4,payment
248,2025-04-16,3,payment
248,2025-02-22,4,browse
248,2025-04-17,3,browse
248,2025-02-18,4,payment
248,2025-03-28,3,promo_click
248,2025-01-15,3,loan_apply
248,2025-02-06,5,payment
248,2025-04-17,2,promo_click
248,2025-01-02,4,browse
249,2025-03-27,2,payment
249,2025-01-23,3,payment
249,2025-04-25,3,promo_click
249,2025-04-30,2,browse
249,2025-01-08,5,browse
249,2025-04-11,2,browse
249,2025-02-19,2,browse
249,2025-01-09,3,browse
250,2025-03-08,5,browse
250,2025-03-19,4,browse
250,2025-02-08,1,loan_apply
250,2025-01-10,3,browse
250,2025-03-24,5,promo_click
250,2025-04-26,4,promo_click
250,2025-02-19,5,loan_apply
250,2025-01-04,4,payment
250,2025-03-13,1,loan_apply
250,2025-04-25,3,loan_apply
250,2025-01-21,2,payment
250,2025-04-07,3,loan_apply
250,2025-03-22,3,browse
250,2025-04-08,3,promo_click
250,2025-04-10,4,loan_apply
250,2025-03-07,2,browse
