user_id,is_churn,churn_prob,risk_segment,loan_count,days_since_last_activity,avg_transaction_amount
1,0,0.22441933164619676,Low-Risk,7,51,4252809.857142857
2,0,0.22262459031087917,Low-Risk,6,39,3331624.6666666665
3,0,0.20432529197447244,Low-Risk,6,33,3574122.6666666665
4,0,0.2761344787566,Low-Risk,2,33,2630617.5
5,0,0.21439146916067078,Low-Risk,5,29,4629784.8
6,0,0.26870526299243697,Low-Risk,6,69,3263206.5
7,0,0.25975612390275615,Low-Risk,7,70,3748043.0
8,0,0.22985552131677303,Low-Risk,5,31,3656611.8
9,0,0.28218653088357254,Low-Risk,4,80,3591475.75
10,0,0.17270319773289675,Low-Risk,4,31,3860386.25
11,0,0.3388885978961692,Medium-Risk,6,89,2858892.6666666665
12,1,0.7666490072049369,High-Risk,1,46,5946899.0
13,1,0.4893062051842164,Medium-Risk,4,77,2800113.5
14,1,0.38284907504090293,Medium-Risk,2,52,2593506.0
15,0,0.18533085985340988,Low-Risk,3,10,2229438.333333333
16,0,0.2875552058869749,Low-Risk,6,88,2700895.6666666665
17,0,0.19364011289015892,Low-Risk,3,74,4269423.333333333
18,0,0.3225501089017807,Medium-Risk,7,41,4380924.571428572
19,0,0.26661862594134467,Low-Risk,4,77,2424696.75
20,0,0.1969925205756524,Low-Risk,4,3,3329208.75
21,1,0.6111257395926939,High-Risk,2,59,2792980.5
22,0,0.21379774477450372,Low-Risk,3,52,4603681.666666667
23,0,0.3081410219614433,Medium-Risk,2,34,2713549.0
24,0,0.24323447206779142,Low-Risk,6,49,2443253.1666666665
25,0,0.21756976442651585,Low-Risk,6,28,3625949.8333333335
26,0,0.4453675930764681,Medium-Risk,6,83,2963748.6666666665
27,1,0.6164522532340049,High-Risk,3,87,2958655.6666666665
28,0,0.27563142116758843,Low-Risk,2,13,4884796.0
29,1,0.5804136469201303,Medium-Risk,3,69,2977005.6666666665
30,0,0.18142090035270425,Low-Risk,6,67,3953530.1666666665
31,1,0.5377807815476126,Medium-Risk,4,61,3108101.0
32,0,0.24788929413065952,Low-Risk,4,60,2390225.5
33,0,0.2956869535866472,Low-Risk,5,71,4627241.6
34,0,0.17422294707436958,Low-Risk,2,24,5820295.5
35,0,0.2498580281759433,Low-Risk,5,63,2022718.4
36,1,0.5687713891404909,Medium-Risk,4,86,3100240.25
37,0,0.3930251633861808,Medium-Risk,2,61,1590966.0
38,0,0.2745585157788059,Low-Risk,6,23,3574515.333333333
39,1,0.28471931261647154,Low-Risk,5,30,3190685.0
40,0,0.1897816341298212,Low-Risk,3,60,3720463.6666666665
41,0,0.23357162950725974,Low-Risk,6,18,2901600.1666666665
42,0,0.1750026802876847,Low-Risk,6,56,4745164.333333333
43,1,0.877159473148438,High-Risk,1,53,871279.0
44,1,0.49234751607133487,Medium-Risk,6,7,3134232.333333333
45,1,0.8463129559293937,High-Risk,1,69,2076230.0
46,0,0.23205068701143383,Low-Risk,4,72,4326795.5
47,0,0.26223876797070467,Low-Risk,3,79,3808071.3333333335
48,1,0.8919782029770233,High-Risk,1,52,2903005.0
49,0,0.26549048883497856,Low-Risk,2,4,3860651.0
50,1,0.5265588575259184,Medium-Risk,6,34,3140447.833333333
51,0,0.2636159829568443,Low-Risk,7,69,4669857.142857143
52,0,0.3131637422529892,Medium-Risk,5,33,3707382.6
53,1,0.5342941400117849,Medium-Risk,7,69,3061114.1428571427
54,0,0.24886534030974555,Low-Risk,6,38,3981153.1666666665
55,0,0.3388658886250491,Medium-Risk,3,26,4315483.333333333
56,0,0.1836642250356602,Low-Risk,6,1,3895085.6666666665
57,0,0.17379397439480124,Low-Risk,3,4,2178402.333333333
58,0,0.39996426083195447,Medium-Risk,7,39,4307460.142857143
59,1,0.5731952660083194,Medium-Risk,7,54,2871908.285714286
60,1,0.5742041559109162,Medium-Risk,7,33,3293932.8571428573
61,0,0.26702720142724684,Low-Risk,2,33,6210277.0
62,1,0.8871891371142604,High-Risk,1,72,5086145.0
63,0,0.2868912402346352,Low-Risk,3,20,3401288.333333333
64,0,0.349328640143403,Medium-Risk,2,16,1658458.0
65,0,0.3253616339677467,Medium-Risk,2,21,3141300.5
66,1,0.4224098639006286,Medium-Risk,2,45,4738213.5
67,0,0.33918069907271087,Medium-Risk,5,87,4821669.6
68,1,0.6211288974540561,High-Risk,2,82,3154994.5
69,0,0.2265844925829874,Low-Risk,6,62,4698270.5
70,0,0.2804318250618568,Low-Risk,4,31,2429921.25
71,1,0.8634771147967952,High-Risk,1,42,867128.0
72,0,0.3600282700865082,Medium-Risk,7,12,2459625.8571428573
73,0,0.39527903661588654,Medium-Risk,2,65,1451002.5
74,1,0.8787616507643472,High-Risk,1,73,965718.0
75,0,0.2520888823223868,Low-Risk,5,3,2130563.4
76,1,0.47422113287979806,Medium-Risk,4,9,4491170.0
77,0,0.19060997860029016,Low-Risk,2,51,5469646.0
78,1,0.19445109022665238,Low-Risk,6,16,2688781.833333333
79,0,0.371327955772216,Medium-Risk,3,88,2034702.0
80,1,0.49352373251958,Medium-Risk,4,78,1977575.75
81,0,0.1785567530912413,Low-Risk,3,3,4464822.666666667
82,0,0.25130757519406155,Low-Risk,3,24,3382350.333333333
83,1,0.4678422722456031,Medium-Risk,6,73,4739296.5
84,0,0.2719149758668965,Low-Risk,3,13,3290987.333333333
85,0,0.1473451056124149,Low-Risk,4,2,2411691.5
86,0,0.4067324743565166,Medium-Risk,6,71,2832578.1666666665
87,1,0.28538076175723004,Low-Risk,6,21,2981133.833333333
88,0,0.2716331488420145,Low-Risk,4,19,3547841.5
89,1,0.8470735468742157,High-Risk,1,89,547628.0
90,1,0.8885256386254378,High-Risk,1,47,3119065.0
91,0,0.535314967537289,Medium-Risk,1,22,2748191.0
92,1,0.5588386108402138,Medium-Risk,7,75,2969965.285714286
93,0,0.2112020055207067,Low-Risk,7,33,3464867.714285714
94,0,0.36687081877922806,Medium-Risk,4,32,4301208.25
95,1,0.49226021284261606,Medium-Risk,2,64,4451547.5
96,0,0.32997189735134624,Medium-Risk,5,85,3821091.2
97,1,0.6778151524681592,High-Risk,1,39,6163389.0
98,0,0.19723930125977063,Low-Risk,6,84,2468037.5
99,0,0.3811696809190602,Medium-Risk,6,72,3302047.1666666665
100,0,0.2747863931490378,Low-Risk,5,42,2976495.4
101,0,0.3550544318286423,Medium-Risk,2,9,3045617.5
102,0,0.39163072638050594,Medium-Risk,7,25,3629636.0
103,0,0.29297331151880374,Low-Risk,7,89,1963707.857142857
104,0,0.5761464490212922,Medium-Risk,1,2,5115551.0
105,0,0.1506727164458457,Low-Risk,2,19,6593978.0
106,0,0.4058333644080131,Medium-Risk,1,20,6324594.0
107,0,0.29465876326117263,Low-Risk,6,70,3149758.833333333
108,0,0.2763867762497068,Low-Risk,2,17,6217769.0
109,0,0.23077572750757902,Low-Risk,5,89,3247110.2
110,0,0.22958240245553083,Low-Risk,4,68,1831634.75
111,1,0.8501688527720479,High-Risk,1,84,2589913.0
112,0,0.5079965547111764,Medium-Risk,1,3,2778306.0
113,0,0.2558830318045226,Low-Risk,5,87,4005372.4
114,0,0.31412849624271805,Medium-Risk,5,51,4178559.4
115,1,0.8848076555062561,High-Risk,1,82,4076808.0
116,1,0.5049944155528133,Medium-Risk,7,26,4119351.5714285714
117,1,0.46899521815049783,Medium-Risk,5,56,3586549.4
118,0,0.3572677368443461,Medium-Risk,4,64,3417961.0
119,0,0.27178815222873093,Low-Risk,6,8,2657952.1666666665
120,1,0.8385593664943012,High-Risk,1,81,5369262.0
121,0,0.2862141352580283,Low-Risk,4,37,4965699.25
122,0,0.3408454293183694,Medium-Risk,2,27,2380439.5
123,1,0.8614836181325907,High-Risk,1,45,4749292.0
124,0,0.1907219244842497,Low-Risk,5,4,2223431.6
125,1,0.890579081322621,High-Risk,1,86,4519425.0
126,0,0.2925485308947058,Low-Risk,6,88,4198204.5
127,0,0.2785737100263265,Low-Risk,5,37,2207784.8
128,1,0.8671990235972749,High-Risk,1,71,3842849.0
129,1,0.7942890169457878,High-Risk,1,33,5215011.0
130,0,0.4114325710421842,Medium-Risk,6,31,3021771.0
131,0,0.37186170326273604,Medium-Risk,2,55,4156815.0
132,0,0.2759999489417924,Low-Risk,2,12,3748813.0
133,0,0.2943108450337098,Low-Risk,2,11,4448621.0
134,0,0.5083854890551158,Medium-Risk,2,88,788346.5
135,0,0.3130740392128551,Medium-Risk,6,72,4445927.666666667
136,1,0.5735356058487384,Medium-Risk,6,32,4580775.666666667
137,1,0.48817751186239766,Medium-Risk,7,57,2366284.0
138,0,0.28792516389492734,Low-Risk,6,38,4690292.833333333
139,1,0.8741218561974915,High-Risk,1,60,4172091.0
140,0,0.31865397429134584,Medium-Risk,3,86,3193098.0
141,1,0.34381068966838485,Medium-Risk,3,19,5063482.0
142,0,0.427576511193771,Medium-Risk,2,84,1189586.0
143,1,0.5572550775172848,Medium-Risk,7,56,3216724.8571428573
144,0,0.1545063996213917,Low-Risk,3,14,2560522.6666666665
145,1,0.7847345410527135,High-Risk,1,33,1422014.0
146,1,0.4037798061875773,Medium-Risk,2,10,1929573.0
147,0,0.35636041364083154,Medium-Risk,7,80,3805538.5714285714
148,1,0.9072111059526701,High-Risk,1,64,2867549.0
149,0,0.40515759502202614,Medium-Risk,5,64,5913858.2
150,0,0.24612608654572996,Low-Risk,4,62,1928146.75
151,0,0.24424301589916608,Low-Risk,3,68,5296275.333333333
152,0,0.2793802844178597,Low-Risk,5,43,3652776.4
153,0,0.47605675175674195,Medium-Risk,7,80,2920837.285714286
154,0,0.45412110028428265,Medium-Risk,2,59,3879498.5
155,1,0.5354600802062511,Medium-Risk,7,52,3931156.142857143
156,0,0.2540174582126145,Low-Risk,3,19,4691432.666666667
157,0,0.27149539759478325,Low-Risk,3,21,4504559.666666667
158,0,0.1854516844165324,Low-Risk,6,22,4775525.5
159,0,0.35042390402333934,Medium-Risk,6,9,2865694.5
160,0,0.2542734049891825,Low-Risk,5,9,1784857.8
161,1,0.2881585028756833,Low-Risk,6,73,3228707.833333333
162,0,0.386598753750965,Medium-Risk,5,27,4289998.8
163,0,0.25621177050189275,Low-Risk,2,17,4613061.5
164,0,0.4497388201486752,Medium-Risk,7,44,4783760.857142857
165,0,0.4055593471420548,Medium-Risk,5,45,3092185.8
166,1,0.48440086537794985,Medium-Risk,7,8,3344878.0
167,1,0.8839121481018212,High-Risk,1,80,4994097.0
168,0,0.25284596950419563,Low-Risk,3,18,4318232.333333333
169,0,0.2616984670248157,Low-Risk,4,33,2805479.5
170,0,0.2526115971276188,Low-Risk,5,1,2666556.4
171,0,0.23816503037739886,Low-Risk,4,76,2691219.75
172,0,0.16257299980592482,Low-Risk,6,6,2497222.6666666665
173,0,0.2179196005674322,Low-Risk,5,41,3565217.4
174,0,0.3282374856790714,Medium-Risk,6,55,4682619.5
175,0,0.37665671012982493,Medium-Risk,7,5,4157337.714285714
176,1,0.4601789056584352,Medium-Risk,6,59,3528433.833333333
177,1,0.4567340887229625,Medium-Risk,4,80,4169708.5
178,0,0.18002946840392645,Low-Risk,6,18,4775366.5
179,0,0.38973310474534417,Medium-Risk,7,49,3233034.571428572
180,0,0.24064407809228228,Low-Risk,6,82,2261711.833333333
181,0,0.25524405353626495,Low-Risk,3,65,3884635.0
182,0,0.32817965657195264,Medium-Risk,4,83,4714321.25
183,0,0.32275620907460395,Medium-Risk,5,54,3874684.2
184,1,0.5141664322781051,Medium-Risk,6,61,4740662.166666667
185,1,0.4306425337382665,Medium-Risk,3,8,3718110.0
186,0,0.23295244832753645,Low-Risk,3,3,5126107.0
187,0,0.5608244348048234,Medium-Risk,1,25,5294914.0
188,0,0.19918673103434334,Low-Risk,6,69,3911977.3333333335
189,0,0.2387996799587926,Low-Risk,7,55,2545225.285714286
190,0,0.2675101461577904,Low-Risk,5,40,3206591.6
191,0,0.2875704072303588,Low-Risk,2,83,4814025.5
192,1,0.5103566769093042,Medium-Risk,4,82,4371124.25
193,0,0.38475849202749013,Medium-Risk,4,50,4105416.0
194,0,0.2677636407754196,Low-Risk,4,33,3986441.0
195,0,0.35020179916799615,Medium-Risk,7,18,3535532.571428572
196,0,0.31901576179648644,Medium-Risk,7,57,3595654.4285714286
197,0,0.25145210156252207,Low-Risk,6,16,3212552.1666666665
198,1,0.4165822116079092,Medium-Risk,2,80,4209831.0
199,0,0.2879699659723958,Low-Risk,6,38,3489994.1666666665
200,0,0.2521458121435505,Low-Risk,3,41,4713214.0
201,0,0.37507384212969064,Medium-Risk,1,7,6407561.0
202,1,0.8425449762897369,High-Risk,1,78,797389.0
203,1,0.232003884396075,Low-Risk,2,53,5544476.5
204,0,0.4011534007842801,Medium-Risk,7,63,4110257.4285714286
205,1,0.504458487704463,Medium-Risk,2,89,2944274.0
206,0,0.49945755307588047,Medium-Risk,7,32,3233473.571428572
207,0,0.27307945588657745,Low-Risk,4,38,4067131.0
208,0,0.31485986839886193,Medium-Risk,4,22,4158617.75
209,0,0.5453129294924751,Medium-Risk,1,16,235797.0
210,0,0.37215507555468996,Medium-Risk,5,52,4552307.8
211,1,0.5590667778062922,Medium-Risk,7,29,3689992.0
212,0,0.20294865468549897,Low-Risk,5,16,2819105.8
213,0,0.4071790165698876,Medium-Risk,4,76,3341450.5
214,0,0.49923054864249217,Medium-Risk,1,17,5080142.0
215,1,0.7855702440213643,High-Risk,1,64,5152683.0
216,0,0.3064858648304993,Medium-Risk,6,89,2669376.1666666665
217,0,0.535619466270128,Medium-Risk,1,13,659031.0
218,0,0.442599957504394,Medium-Risk,4,72,3151335.75
219,0,0.19208408935864626,Low-Risk,3,56,4694054.333333333
220,0,0.21949717576763794,Low-Risk,5,5,3040458.2
221,0,0.2765272500888154,Low-Risk,5,12,3800902.8
222,1,0.8056170879257698,High-Risk,1,41,1276957.0
223,0,0.32960275282146767,Medium-Risk,4,3,4129869.75
224,1,0.5786745056747896,Medium-Risk,7,33,3003068.0
225,0,0.33399948533901475,Medium-Risk,7,86,3204562.1428571427
226,0,0.2690683260570389,Low-Risk,6,50,3320110.0
227,0,0.21255017167010887,Low-Risk,5,56,2745803.0
228,0,0.44764771651633034,Medium-Risk,7,9,4283562.714285715
229,1,0.5020138866661178,Medium-Risk,3,82,3430910.0
230,0,0.27172551965876646,Low-Risk,3,50,4087792.6666666665
231,1,0.5118299570017824,Medium-Risk,3,29,4205993.333333333
232,1,0.5519010231554323,Medium-Risk,3,39,4187266.6666666665
233,0,0.3067672040544192,Medium-Risk,2,45,4799637.0
234,0,0.2641224827829333,Low-Risk,3,17,4604417.0
235,0,0.4415023198789324,Medium-Risk,7,56,3159131.571428572
236,0,0.3827624257476703,Medium-Risk,7,46,1787861.4285714286
237,1,0.5850907097099427,Medium-Risk,1,67,6170928.0
238,0,0.37832305407712746,Medium-Risk,2,69,3451676.5
239,0,0.5378779735920937,Medium-Risk,1,14,4034740.0
240,0,0.2616696695440114,Low-Risk,5,67,1499507.8
241,0,0.3140137658015672,Medium-Risk,7,23,2855803.1428571427
242,1,0.580787902153944,Medium-Risk,7,61,3856744.0
243,0,0.5284143785631574,Medium-Risk,1,23,1408064.0
244,1,0.5016233445084474,Medium-Risk,5,27,4066762.2
245,0,0.2417630802864063,Low-Risk,5,54,2870494.6
246,0,0.3333372150959605,Medium-Risk,2,10,3301795.5
247,1,0.8395302294391456,High-Risk,1,89,1134780.0
248,0,0.39072406087293465,Medium-Risk,7,77,2721007.571428572
249,0,0.5953526683224474,Medium-Risk,1,16,3201004.0
250,1,0.781874235564948,High-Risk,1,41,2010155.0
